symbol,side,R,n,p_target,p_stop,p_timeout,mean_timeout_r,ev_real,ev_binary_assumption
AAVEUSDT,LONG,1.0,11003,0.4681450513496319,0.5252203944378806,0.006634554212487503,-0.07626699775136216,-0.05758134061945374,-0.06370989730073617
AAVEUSDT,LONG,1.5,11003,0.35190402617467964,0.6220121784967736,0.02608379532854676,0.16325958541757485,-0.08989770962329872,-0.12023993456330084
AAVEUSDT,LONG,2.0,11003,0.2614741434154322,0.6779969099336545,0.060528946650913386,0.4314209230937378,-0.12893516906476146,-0.21557756975370346
AAVEUSDT,LONG,3.0,11003,0.1556848132327547,0.7193492683813505,0.12496591838589476,0.8039842010680709,-0.1518242046288651,-0.37726074706898116
AAVEUSDT,LONG,5.0,11003,0.059256566390984276,0.7353449059347451,0.20539852767427066,1.3733456559098205,-0.15697889826809105,-0.6444606016540944
AAVEUSDT,LONG,8.0,11003,0.017904207943288192,0.7356175588475871,0.2464782332091248,1.8639927644927266,-0.13295025199452207,-0.8388621285104063
AAVEUSDT,SHORT,1.0,11003,0.5233118240479869,0.4700536217395256,0.006634554212487503,0.07626699775136216,0.05376419983966641,0.04662364809597386
AAVEUSDT,SHORT,1.5,11003,0.3938016904480596,0.5805689357447968,0.025629373807143505,0.2669294883120533,0.016974835563391712,-0.015495773879850905
AAVEUSDT,SHORT,2.0,11003,0.2967372534763246,0.6410978823957103,0.0621648641279651,0.4473241588841997,-0.019815529884868434,-0.10978823957102612
AAVEUSDT,SHORT,3.0,11003,0.1737707897846042,0.6818140507134418,0.14441515950195402,0.9012711656042802,-0.030344462224375052,-0.3049168408615832
AAVEUSDT,SHORT,5.0,11003,0.06461874034354267,0.6959920021812233,0.23938925747523404,1.4648599281112076,-0.02222656996774327,-0.612287557938744
AAVEUSDT,SHORT,8.0,11003,0.018358629464691446,0.6982641097882396,0.283377260747069,1.9057886684320764,-0.011337901647622054,-0.8347723348177769
ADAUSDT,LONG,1.0,14048,0.45536731207289294,0.5365176537585421,0.00811503416856492,-0.057713879279187856,-0.08161869178800024,-0.08926537585421412
ADAUSDT,LONG,1.5,14048,0.3329299544419134,0.6373149202733486,0.029755125284738042,0.20622592657629543,-0.1317837103282395,-0.16767511389521644
ADAUSDT,LONG,2.0,14048,0.2492881548974943,0.6835848519362187,0.06712699316628702,0.4540060414658503,-0.1545324816982989,-0.25213553530751703
ADAUSDT,LONG,3.0,14048,0.15382972665148065,0.7165432801822323,0.129626993166287,0.8243509976475327,-0.14819595908911185,-0.3846810933940774
ADAUSDT,LONG,5.0,14048,0.0734624145785877,0.7272209567198178,0.19931662870159453,1.3283601170485222,-0.0951446235951123,-0.5592255125284737
ADAUSDT,LONG,8.0,14048,0.026409453302961277,0.7296412300683371,0.2439493166287016,1.8452200491655657,-0.06822543362112798,-0.7623149202733485
ADAUSDT,SHORT,1.0,14048,0.5337414578587699,0.4581435079726651,0.00811503416856492,0.057713879279187856,0.07606629998845582,0.06748291571753984
ADAUSDT,SHORT,1.5,14048,0.40518223234624146,0.5602220956719818,0.034595671981776766,0.23410179254899002,0.05565016167275122,0.012955580865603666
ADAUSDT,SHORT,2.0,14048,0.31627277904328016,0.6112613895216401,0.07246583143507973,0.44766466525911314,0.05372456073702856,-0.05118166287015946
ADAUSDT,SHORT,3.0,14048,0.18871013667425968,0.6523348519362187,0.15895501138952164,0.8905630072822164,0.05535501105219171,-0.2451594533029613
ADAUSDT,SHORT,5.0,14048,0.06976082004555809,0.6677818906605922,0.26245728929384965,1.4404890993151143,0.05908907383078205,-0.5814350797266515
ADAUSDT,SHORT,8.0,14048,0.0202875854214123,0.6692767653758542,0.3104356492027335,1.83518362587091,0.06273033829890647,-0.8174117312072893
ALGOUSDT,LONG,1.0,13226,0.46453954332375624,0.5289581128081052,0.006502343868138515,-0.007757082063498923,-0.06446900869933923,-0.07092091335248751
ALGOUSDT,LONG,1.5,13226,0.3450022682594889,0.6276274005746257,0.027370331165885376,0.21538846086969177,-0.1042287446820786,-0.1374943293512778
ALGOUSDT,LONG,2.0,13226,0.2656887947981249,0.6775291093301073,0.05678209587176773,0.47253539447115356,-0.11931996966219295,-0.20293361560562528
ALGOUSDT,LONG,3.0,13226,0.1574928171782852,0.714426130349312,0.12808105247240284,0.8512926390001118,-0.13291322164931277,-0.3700287312868592
ALGOUSDT,LONG,5.0,13226,0.0626795705428701,0.727430818085589,0.2098896113715409,1.4195201279267413,-0.11609043738661476,-0.6239225767427794
ALGOUSDT,LONG,8.0,13226,0.017163163465900497,0.729623468924845,0.2532133676092545,1.9235424841577746,-0.10525149104457973,-0.8455315288068955
ALGOUSDT,SHORT,1.0,13226,0.5274459398155149,0.46605171631634656,0.006502343868138515,0.007757082063498923,0.06144466271415853,0.054891879631029816
ALGOUSDT,SHORT,1.5,13226,0.39974293059125965,0.5738696506880387,0.026387418720701647,0.22805679969516565,0.031762575464510265,-0.0006426735218508783
ALGOUSDT,SHORT,2.0,13226,0.3102978980795403,0.6248298805383335,0.06487222138212612,0.5288859223776162,0.030075920263117697,-0.0691063057613791
ALGOUSDT,SHORT,3.0,13226,0.18395584454861635,0.6633146831997581,0.1527294722516256,0.9704885565006733,0.036775055506680775,-0.2641766218055346
ALGOUSDT,SHORT,5.0,13226,0.05746257371843339,0.6769998487827007,0.26553757749886586,1.5445812681872437,0.02045738801403301,-0.6552245576893996
ALGOUSDT,SHORT,8.0,13226,0.012702253137758959,0.6793437169212158,0.3079540299410253,1.8817138021315039,0.0017556567429016117,-0.8856797217601694
ATOMUSDT,LONG,1.0,14005,0.4596215637272403,0.532309889325241,0.008068546947518743,0.003611374414797397,-0.07265918705398985,-0.08075687254551944
ATOMUSDT,LONG,1.5,14005,0.34252052838272046,0.6312745448054267,0.02620492681185291,0.2526657389272041,-0.11087266503489582,-0.14369867904319888
ATOMUSDT,LONG,2.0,14005,0.2608354159228847,0.6801856479828633,0.05897893609425205,0.49710677920018426,-0.12919598717462674,-0.21749375223134593
ATOMUSDT,LONG,3.0,14005,0.15665833630846127,0.7194573366654766,0.12388432702606213,0.8710983513760111,-0.1415668947063635,-0.37336665476615494
ATOMUSDT,LONG,5.0,14005,0.060549803641556585,0.735308818279186,0.20414137807925742,1.4772895452654435,-0.13098387647883591,-0.6367011781506604
ATOMUSDT,LONG,8.0,14005,0.016137093895037487,0.7367368796858265,0.24712602641913603,1.9524589372720669,-0.1251367096109516,-0.8547661549446626
ATOMUSDT,SHORT,1.0,14005,0.5303106033559443,0.46162084969653694,0.008068546947518743,-0.003611374414797397,0.06866061511539649,0.06062120671188853
ATOMUSDT,SHORT,1.5,14005,0.39757229560871116,0.5740092823991432,0.028418421992145664,0.23456909054123645,0.02901524441523828,-0.006069260978222135
ATOMUSDT,SHORT,2.0,14005,0.3038914673330953,0.6274187790074973,0.06868975365940735,0.44886856375385126,0.01119682672839735,-0.08832559800071416
ATOMUSDT,SHORT,3.0,14005,0.18336308461263834,0.6668332738307747,0.14980364155658693,0.850122711008761,0.010607457886210692,-0.26654766154944665
ATOMUSDT,SHORT,5.0,14005,0.06276329882184933,0.6806854694751875,0.25655123170296323,1.487236231624509,0.014683311690600508,-0.6234202070689039
ATOMUSDT,SHORT,8.0,14005,0.013209568011424491,0.6816137093895037,0.30517672259907175,1.9052004749323173,0.005485671535931645,-0.8811138878971796
AVAXUSDT,LONG,1.0,11142,0.4676000718003949,0.5271046490755699,0.005295279124035182,0.016209761026257614,-0.05941874206600708,-0.0647998563992101
AVAXUSDT,LONG,1.5,11142,0.3403338718362951,0.6390235146293305,0.020642613534374438,0.20394524915138576,-0.12431274391448406,-0.14916532040926223
AVAXUSDT,LONG,2.0,11142,0.26862322742775085,0.6867707772392748,0.04460599533297433,0.41989869434307264,-0.130794323183584,-0.19413031771674738
AVAXUSDT,LONG,3.0,11142,0.16639741518578352,0.7260814934482139,0.10752109136600252,0.8462141702548511,-0.13590337677568556,-0.3344103392568659
AVAXUSDT,LONG,5.0,11142,0.0647998563992102,0.7415185783521809,0.19368156524860886,1.5093374611497288,-0.12518845439228912,-0.6112008616047389
AVAXUSDT,LONG,8.0,11142,0.01795009872554299,0.7432238377311076,0.23882606354334948,2.0633208936064684,-0.10684824107998453,-0.8384491114701131
AVAXUSDT,SHORT,1.0,11142,0.5248608867348771,0.46984383414108777,0.005295279124035182,-0.016209761026257614,0.05493121738462133,0.04972177346975415
AVAXUSDT,SHORT,1.5,11142,0.40271046490755696,0.5721593968766828,0.025130138215760187,0.25466462313230515,0.03830605766263197,0.006776162268892438
AVAXUSDT,SHORT,2.0,11142,0.3170884939867169,0.6226889247890863,0.060222581224196735,0.4889158333373383,0.040931836669301204,-0.048734518039849295
AVAXUSDT,SHORT,3.0,11142,0.18587327230299766,0.6634356488960689,0.1506910788009334,0.957147699732421,0.03841778745743445,-0.25650691078800936
AVAXUSDT,SHORT,5.0,11142,0.07269789983844911,0.6744749596122779,0.252827140549273,1.555986394026303,0.08241013031521231,-0.5638126009693054
AVAXUSDT,SHORT,8.0,11142,0.019296356129958715,0.677885478370131,0.30281816549991025,1.9826977827414236,0.0768822759800362,-0.8263327948303716
AXSUSDT,LONG,1.0,10883,0.4543783883120463,0.5348708995681338,0.010750712119819903,-0.0526167119925654,-0.08105817837941102,-0.09124322337590746
AXSUSDT,LONG,1.5,10883,0.33189377928879904,0.6362216300652394,0.031884590645961594,0.17218010156738187,-0.13289106907618475,-0.1702655517780024
AXSUSDT,LONG,2.0,10883,0.24892033446659928,0.6878618028117247,0.06321786272167601,0.41020593410513007,-0.16408879144865116,-0.2532389966002021
AXSUSDT,LONG,3.0,10883,0.15014242396398053,0.7269135348708996,0.12294404116511991,0.7953021345674088,-0.17870860460799476,-0.3994303041440778
AXSUSDT,LONG,5.0,10883,0.06092070201231278,0.7429936598364422,0.19608563815124505,1.3225517672179534,-0.17905674251188897,-0.6344757879261232
AXSUSDT,LONG,8.0,10883,0.028760452081227603,0.743820637691813,0.22741891022695948,1.6868661101107592,-0.13011176858181295,-0.7411559312689516
AXSUSDT,SHORT,1.0,10883,0.5331250574290177,0.45612423045116235,0.010750712119819903,0.0526167119925654,0.07756649410117891,0.06625011485803545
AXSUSDT,SHORT,1.5,10883,0.39915464485895435,0.5649177616466048,0.03592759349444087,0.2498493843669853,0.04279069275820006,-0.002113387852614168
AXSUSDT,SHORT,2.0,10883,0.30588992005880733,0.61756868510521,0.07654139483598273,0.4782358028664537,0.030815990424309096,-0.08233023982357801
AXSUSDT,SHORT,3.0,10883,0.18349719746393459,0.6542313700266471,0.16227143250941836,0.8728831728777882,0.03790422524140162,-0.26601121014426166
AXSUSDT,SHORT,5.0,10883,0.07157952770375815,0.6662684921437104,0.2621519801525315,1.4033828697748665,0.0595287445987039,-0.570522833777451
AXSUSDT,SHORT,8.0,10883,0.020215014242396398,0.666727924285583,0.31305706147202056,1.8885418335141184,0.0862135465205,-0.8180648718184325
BNBUSDT,LONG,1.0,13988,0.4939233628824707,0.4964255075779239,0.009651129539605376,0.008614330269641575,-0.002419006678123992,-0.012153274235058686
BNBUSDT,LONG,1.5,13988,0.36667143265656277,0.5995138690305977,0.03381469831283958,0.25803312331865425,-0.04078140782601348,-0.08332141835859308
BNBUSDT,LONG,2.0,13988,0.28381469831283956,0.6464826994566771,0.06970260223048327,0.48912993527095894,-0.044759673513784314,-0.1485559050614813
BNBUSDT,LONG,3.0,13988,0.1777952530740635,0.6858021160995139,0.13640263082642265,0.9239185501576616,-0.026391435966484255,-0.28881898770374603
BNBUSDT,LONG,5.0,13988,0.0724907063197026,0.7006720045753503,0.2268372891049471,1.5187133796374748,0.00628235298753985,-0.5650557620817844
BNBUSDT,LONG,8.0,13988,0.022090363168430084,0.7032456391192451,0.27466399771232486,1.9953327656532787,0.021523340408914512,-0.8011867314841292
BNBUSDT,SHORT,1.0,13988,0.4939233628824707,0.4964255075779239,0.009651129539605376,-0.008614330269641575,-0.002585282712782502,-0.012153274235058686
BNBUSDT,SHORT,1.5,13988,0.365742064626823,0.6010151558478696,0.03324277952530741,0.17354480693314628,-0.046632947152994486,-0.08564483843294246
BNBUSDT,SHORT,2.0,13988,0.27966828710323133,0.6540606233914784,0.06627108950529025,0.3729339312434525,-0.07000931124802112,-0.16099513869030602
BNBUSDT,SHORT,3.0,13988,0.17529310837861023,0.692951100943666,0.13175579067772375,0.7138168042509444,-0.07302227836470615,-0.2988275664855591
BNBUSDT,SHORT,5.0,13988,0.06827280526165284,0.7062482127537889,0.22547898198455818,1.275398606945061,-0.07730860692702875,-0.590363168430083
BNBUSDT,SHORT,8.0,13988,0.022233342865313126,0.7108235630540464,0.26694309408064054,1.6572764244133504,-0.09055832365174066,-0.7998999142121819
BTCUSDT,LONG,1.0,14230,0.49128601546029516,0.5021082220660577,0.006605762473647224,0.028051652315122067,-0.010636904053575442,-0.01742796907940969
BTCUSDT,LONG,1.5,14230,0.3724525650035137,0.603232607167955,0.024314827828531272,0.2609196090168067,-0.038209544292353126,-0.06886858749121572
BTCUSDT,LONG,2.0,14230,0.2893183415319747,0.6534082923401265,0.05727336612789881,0.5178731315652917,-0.04511127180423662,-0.1320449754040759
BTCUSDT,LONG,3.0,14230,0.1832044975404076,0.6921995783555868,0.12459592410400562,0.9096629672575468,-0.02924578770571818,-0.2671820098383696
BTCUSDT,LONG,5.0,14230,0.07723120168657766,0.7102600140548138,0.21250878425860859,1.5765358325074463,0.010923707484365254,-0.536612789880534
BTCUSDT,LONG,8.0,14230,0.025017568517217148,0.7143359100491918,0.260646521433591,2.133027715877007,0.04177089235332522,-0.7748418833450457
BTCUSDT,SHORT,1.0,14230,0.49641602248770206,0.49697821503865075,0.006605762473647224,-0.028051652315122067,-0.0007474951031357331,-0.007167955024595829
BTCUSDT,SHORT,1.5,14230,0.3665495432185524,0.6104005621925509,0.023049894588896697,0.12241222789135918,-0.05775465841543458,-0.08362614195361906
BTCUSDT,SHORT,2.0,14230,0.27947997189037244,0.6658468025298665,0.05467322557976107,0.3662358470347198,-0.08686356366879747,-0.1615600843288827
BTCUSDT,SHORT,3.0,14230,0.16936050597329586,0.7089950808151791,0.12164441321152494,0.7990678832921329,-0.10371141911604484,-0.3225579761068166
BTCUSDT,SHORT,5.0,14230,0.06746310611384398,0.7251581166549543,0.20737877723120168,1.371738897504196,-0.10337305084083749,-0.5952213633169361
BTCUSDT,SHORT,8.0,14230,0.02150386507378777,0.7290934645115952,0.249402670414617,1.8280760346251255,-0.10113549916482288,-0.8064652143359101
DOGEUSDT,LONG,1.0,13082,0.45918055343219694,0.5254548234214952,0.015364623146307904,-0.01975087425900406,-0.06657773472909798,-0.08163889313560618
DOGEUSDT,LONG,1.5,13082,0.3341996636599908,0.6226876624369363,0.043112673903072926,0.20497848320000406,-0.11255099644360173,-0.16450084085002292
DOGEUSDT,LONG,2.0,13082,0.25080262956734445,0.6713040819446567,0.07789328848799877,0.40123402333540603,-0.1384453852791027,-0.24759211129796665
DOGEUSDT,LONG,3.0,13082,0.1584620088671457,0.7061611374407583,0.135376853692096,0.7060853977978064,-0.13518749124752216,-0.3661519645314172
DOGEUSDT,LONG,5.0,13082,0.07552362024155328,0.7203791469194313,0.20409723283901543,1.180237685036424,-0.10187780010340526,-0.5468582785506804
DOGEUSDT,LONG,8.0,13082,0.03386332365081792,0.7222901696988228,0.24384650665035928,1.6026367228393164,-0.06058621419833217,-0.6952300871426387
DOGEUSDT,SHORT,1.0,13082,0.5220149824185905,0.46262039443510167,0.015364623146307904,0.01975087425900406,0.059698052723288465,0.04402996483718091
DOGEUSDT,SHORT,1.5,13082,0.39137746521938543,0.5593181470723131,0.049304387708301485,0.20934941383965014,0.038069895423220784,-0.02155633695153647
DOGEUSDT,SHORT,2.0,13082,0.2918513988686745,0.6100749120929522,0.09807368903837334,0.4394226833576304,0.01672368924842072,-0.12444580339397648
DOGEUSDT,SHORT,3.0,13082,0.17634918208225042,0.6489833358813637,0.17466748203638588,0.7693531063018455,0.014445180240002827,-0.2946032716709983
DOGEUSDT,SHORT,5.0,13082,0.06765020639046017,0.6635071090047393,0.2688426846048005,1.2947617532691842,0.022831148620067302,-0.5940987616572391
DOGEUSDT,SHORT,8.0,13082,0.020027518728023237,0.6665647454517658,0.313407735820211,1.6805865658607742,0.020364234828709186,-0.8197523314477909
DOTUSDT,LONG,1.0,11351,0.45335212756585325,0.5402167209937451,0.006431151440401727,-0.022607675612057055,-0.08700998681346843,-0.09329574486829356
DOTUSDT,LONG,1.5,11351,0.3230552374240155,0.6522773323936217,0.02466743018236279,0.2005236970342376,-0.1627480719610971,-0.19236190643996132
DOTUSDT,LONG,2.0,11351,0.2417408157871553,0.7039027398467096,0.05435644436613514,0.4558885628119666,-0.19564062697075293,-0.27477755263853404
DOTUSDT,LONG,3.0,11351,0.14412827063694827,0.7388776319267025,0.11699409743634923,0.8945123571937287,-0.20184015414031609,-0.42348691745220696
DOTUSDT,LONG,5.0,11351,0.049422958329662585,0.752885208351687,0.19769183331865034,1.495223445491457,-0.21017695254313898,-0.7034622500220244
DOTUSDT,LONG,8.0,11351,0.013831380495110563,0.7549114615452384,0.23125715795965113,1.8984777884420612,-0.20522383977971892,-0.8755175755440049
DOTUSDT,SHORT,1.0,11351,0.5378380759404457,0.4557307726191525,0.006431151440401727,0.022607675612057055,0.08225269670686988,0.0756761518808915
DOTUSDT,SHORT,1.5,11351,0.41194608404545857,0.5583649017707691,0.029689014183772355,0.22762841882778748,0.06631228765262659,0.0298652101136464
DOTUSDT,SHORT,2.0,11351,0.3200599066161572,0.6133380318914633,0.06660206149237953,0.4481361701830253,0.05662857410434033,-0.0398202801515285
DOTUSDT,SHORT,3.0,11351,0.18800105717557924,0.6560655448859132,0.15593339793850763,0.8948211686815976,0.04747013202065261,-0.24799577129768302
DOTUSDT,SHORT,5.0,11351,0.0778786010043168,0.6676063782926615,0.25451502070302173,1.4791107109918296,0.09824251995906931,-0.5327283939740992
DOTUSDT,SHORT,8.0,11351,0.02017443397057528,0.6700731213108977,0.309752444718527,1.9518518255227746,0.09591322513770374,-0.8184300942648225
EGLDUSDT,LONG,1.0,11255,0.443269657929809,0.5493558418480675,0.007374500222123501,-0.10403668727855687,-0.10685340249170325,-0.11346068414038202
EGLDUSDT,LONG,1.5,11255,0.31728120835184365,0.6541092847623279,0.02860950688582852,0.2040093079692152,-0.17235086653344403,-0.20679697912039086
EGLDUSDT,LONG,2.0,11255,0.23562860950688583,0.7070635273211906,0.05730786317192359,0.4483504480449445,-0.2101123021777886,-0.29311417147934254
EGLDUSDT,LONG,3.0,11255,0.14535761883607284,0.741981341625944,0.11266103953798312,0.7901014270495234,-0.21689483700588222,-0.4185695246557087
EGLDUSDT,LONG,5.0,11255,0.06281652598844958,0.7534429142603287,0.18374055975122167,1.394279038945892,-0.18317467325276726,-0.6231008440693026
EGLDUSDT,LONG,8.0,11255,0.018658374055975122,0.7549533540648601,0.22638827187916483,1.9282235019736882,-0.16915917520844442,-0.8320746334962239
EGLDUSDT,SHORT,1.0,11255,0.54749000444247,0.4451354953354065,0.007374500222123501,0.10403668727855687,0.10312172768050822,0.09498000888493996
EGLDUSDT,SHORT,1.5,11255,0.41092847623278544,0.5535317636605953,0.03553976010661928,0.285815905984969,0.07301877942194471,0.027321190581963584
EGLDUSDT,SHORT,2.0,11255,0.3161261661483785,0.6063083074189249,0.07756552643269658,0.48357123863597834,0.06345248257034289,-0.051621501554864446
EGLDUSDT,SHORT,3.0,11255,0.19235895157707686,0.6448689471346069,0.16277210128831632,0.9266495970618858,0.08304060966835847,-0.23056419369169256
EGLDUSDT,SHORT,5.0,11255,0.0693025322079076,0.6567747667703243,0.2739227010217681,1.5044730172132732,0.1018472067586425,-0.5841848067525544
EGLDUSDT,SHORT,8.0,11255,0.02016881386050644,0.6579298089737894,0.3219013771657041,1.8844330195692314,0.11002228608612394,-0.8184806752554421
ETHUSDT,LONG,1.0,14230,0.4914968376669009,0.5033028812368237,0.005200281096275475,0.06882130480587005,-0.01144815343951972,-0.017006324666198225
ETHUSDT,LONG,1.5,14230,0.36844694307800424,0.6085734364019677,0.02297962052002811,0.29963349424814456,-0.049017557792048964,-0.07888264230498943
ETHUSDT,LONG,2.0,14230,0.28742094167252286,0.6602951510892481,0.052283907238229094,0.5205889425855151,-0.05823484376081356,-0.13773717498243143
ETHUSDT,LONG,3.0,14230,0.17645818692902318,0.6984539704848911,0.12508784258608574,0.9490745430464631,-0.05036172265476426,-0.2941672522839073
ETHUSDT,LONG,5.0,14230,0.07547434996486296,0.7120168657765285,0.21250878425860859,1.5527270314512576,-0.004676982213028593,-0.5471539002108223
ETHUSDT,LONG,8.0,14230,0.022628250175685174,0.7153197470133521,0.26205200281096275,2.1211318605954386,0.02155310668730781,-0.7963457484188334
ETHUSDT,SHORT,1.0,14230,0.49964862965565704,0.49515108924806744,0.005200281096275475,-0.06882130480587005,0.004139650277186622,-0.0007027406886859211
ETHUSDT,SHORT,1.5,14230,0.37280393534785666,0.6051300070274069,0.02206605762473647,0.17348698700623721,-0.04209593015320038,-0.06799016163035831
ETHUSDT,SHORT,2.0,14230,0.2857343640196767,0.6652846099789178,0.048981026001405484,0.396966487306971,-0.07437205610309496,-0.14279690794096978
ETHUSDT,SHORT,3.0,14230,0.17427969079409697,0.709205903021785,0.11651440618411806,0.7959320452601766,-0.09362928102309397,-0.3028812368236121
ETHUSDT,SHORT,5.0,14230,0.07842586085734364,0.7222768798313423,0.19929725931131412,1.3487793851931331,-0.06133954066003333,-0.5294448348559382
ETHUSDT,SHORT,8.0,14230,0.02607167955024596,0.7245959241040056,0.2493323963457484,1.8973210273786763,-0.04295888930853529,-0.7653548840477864
FILUSDT,LONG,1.0,10973,0.4480998815273854,0.5409641848172788,0.010935933655335824,-0.0695787532957173,-0.09362521191975631,-0.10380023694522927
FILUSDT,LONG,1.5,10973,0.33555089765788754,0.6344664175704001,0.029982684771712384,0.169819637080745,-0.12604842243693018,-0.16112275585528113
FILUSDT,LONG,2.0,10973,0.25899936207053675,0.6804884717032716,0.06051216622619156,0.4544511804919377,-0.134989922186581,-0.22300191378838974
FILUSDT,LONG,3.0,10973,0.16312767702542605,0.7149366627175795,0.12193566025699444,0.8432842866705523,-0.122727205361779,-0.3474892918982958
FILUSDT,LONG,5.0,10973,0.06470427412740362,0.7301558370545885,0.20513988881800785,1.393566594893288,-0.12075837008067154,-0.6117743552355782
FILUSDT,LONG,8.0,10973,0.018864485555454297,0.7347124760776451,0.24642303836690058,1.825547338878551,-0.13393966970494836,-0.8302196300009114
FILUSDT,SHORT,1.0,10973,0.5381390686229837,0.4509249977216805,0.010935933655335824,0.0695787532957173,0.08797497953116615,0.07627813724596733
FILUSDT,SHORT,1.5,10973,0.40681673197849266,0.5551808985692154,0.03800236945229199,0.27563503446747656,0.06551898381235194,0.017041829946231712
FILUSDT,SHORT,2.0,10973,0.31404356146906043,0.6058507245056046,0.08010571402533491,0.4620377141599122,0.059248259431929545,-0.057869315592818715
FILUSDT,SHORT,3.0,10973,0.19301922901667729,0.6389319238129956,0.16804884717032717,0.860435599558214,0.08472097380710347,-0.22792308393329086
FILUSDT,SHORT,5.0,10973,0.07409095051490021,0.6525107081017042,0.2733983413833956,1.4146513528061064,0.10470737796576328,-0.5554542969105987
FILUSDT,SHORT,8.0,10973,0.022692062334821836,0.6537865670281601,0.32352137063701814,1.813720406698546,0.1145272435778582,-0.7957714389866035
ICPUSDT,LONG,1.0,9598,0.45374036257553657,0.527714107105647,0.01854553031881642,-0.03472567479386139,-0.07461775058484137,-0.09251927484892691
ICPUSDT,LONG,1.5,9598,0.33111064805167745,0.6285684517607835,0.04032090018753907,0.22272262027345854,-0.12292210314171403,-0.17222337987080638
ICPUSDT,LONG,2.0,9598,0.25328193373619506,0.6773286101271098,0.06938945613669514,0.412321337252917,-0.14215398930918496,-0.24015419879141475
ICPUSDT,LONG,3.0,9598,0.14888518441341947,0.7185872056678475,0.13252760991873308,0.8006834949669348,-0.16581898253824326,-0.4044592623463221
ICPUSDT,LONG,5.0,9598,0.062408835173994585,0.7304646801416962,0.20712648468430922,1.3422603227755037,-0.14040284208400694,-0.6255469889560326
ICPUSDT,LONG,8.0,9598,0.021046051260679308,0.7319233173577828,0.24703063138153783,1.8026900017679757,-0.11823525795041978,-0.8105855386538863
ICPUSDT,SHORT,1.0,9598,0.5251093977912065,0.4563450718899771,0.01854553031881642,0.03472567479386139,0.06940833195596034,0.050218795582412934
ICPUSDT,SHORT,1.5,9598,0.392685976245051,0.563659095644926,0.043654928110022924,0.2649316334943256,0.03693544013691628,-0.01828505938737246
ICPUSDT,SHORT,2.0,9598,0.3027714107105647,0.6084600958533027,0.08876849343613252,0.5671101678100761,0.047424240776639384,-0.09168576786830596
ICPUSDT,SHORT,3.0,9598,0.17555740779329027,0.645446968118358,0.17899562408835173,0.9741262215215413,0.055589586223589074,-0.29777036882683894
ICPUSDT,SHORT,5.0,9598,0.05709522817253594,0.6541987914148781,0.28870598041258594,1.5661028722256947,0.08342061460068766,-0.6574286309647843
ICPUSDT,SHORT,8.0,9598,0.016461762867264012,0.6551364867680767,0.3284017503646593,1.8921288850361049,0.09793605393142342,-0.8518441341946239
LINKUSDT,LONG,1.0,13964,0.47429103408765394,0.5189057576625609,0.006803208249785162,0.016144344529180323,-0.04450489023701861,-0.05141793182469212
LINKUSDT,LONG,1.5,13964,0.35211973646519623,0.6227441993698081,0.025136064164995704,0.2491142627449009,-0.08830284257924233,-0.11970065883700942
LINKUSDT,LONG,2.0,13964,0.2767115439702091,0.6729447149813806,0.0503437410484102,0.45458409334545163,-0.09663616316085273,-0.1698653680893728
LINKUSDT,LONG,3.0,13964,0.1745201947865941,0.7103265539959897,0.11515325121741621,0.8691433315663133,-0.08668128923240964,-0.30191922085362355
LINKUSDT,LONG,5.0,13964,0.06667144084789459,0.7223574906903466,0.2109710684617588,1.5404303599254103,-0.06401404752647814,-0.5999713549126325
LINKUSDT,LONG,8.0,13964,0.01718705242050988,0.7254368375823547,0.2573761099971355,2.0657325380719618,-0.05627021327480443,-0.845316528215411
LINKUSDT,SHORT,1.0,13964,0.5168289888284159,0.4763678029217989,0.006803208249785162,-0.016144344529180323,0.040351352568728724,0.03365797765683176
LINKUSDT,SHORT,1.5,13964,0.38592093955886564,0.5852907476367802,0.028788312804354052,0.21772706923186547,-0.00014134332345961556,-0.0351976511028359
LINKUSDT,SHORT,2.0,13964,0.2928244056144371,0.6427241478086508,0.06445144657691206,0.4393244657938349,-0.028760239242734784,-0.12152678315668863
LINKUSDT,SHORT,3.0,13964,0.1753079346892008,0.6841879117731309,0.1405041535376683,0.8437398678140376,-0.039715151772333014,-0.2987682612431968
LINKUSDT,SHORT,5.0,13964,0.056287596677169864,0.6975794901174449,0.24613291320538527,1.4653922420006986,-0.0554602452193926,-0.6622744199369808
LINKUSDT,SHORT,8.0,13964,0.0146089945574334,0.6986536808937267,0.2867373245488399,1.844589258190523,-0.052869135649179784,-0.8685190489830994
LTCUSDT,LONG,1.0,14150,0.48508833922261485,0.5065724381625442,0.00833922261484099,0.06340796969114272,-0.020955325765119805,-0.0298233215547703
LTCUSDT,LONG,1.5,14150,0.356113074204947,0.6101766784452297,0.03371024734982332,0.30923977291001453,-0.06558251790260941,-0.10971731448763256
LTCUSDT,LONG,2.0,14150,0.2703886925795053,0.6602120141342757,0.06939929328621908,0.5437736214658346,-0.08169712393784807,-0.188833922261484
LTCUSDT,LONG,3.0,14150,0.1576678445229682,0.7016254416961131,0.14070671378091873,0.9309209383767459,-0.09763508209836741,-0.3693286219081272
LTCUSDT,LONG,5.0,14150,0.060565371024734985,0.7146289752650177,0.22480565371024736,1.4768110930909635,-0.0798066369524838,-0.6366077738515901
LTCUSDT,LONG,8.0,14150,0.015830388692579505,0.7165371024734982,0.26763250883392226,1.9059085989852487,-0.07981089297829423,-0.8575265017667845
LTCUSDT,SHORT,1.0,14150,0.5038162544169611,0.48784452296819786,0.00833922261484099,-0.06340796969114272,0.015442958273953727,0.007632508833922191
LTCUSDT,SHORT,1.5,14150,0.37003533568904595,0.5965371024734982,0.03342756183745583,0.14984090992798094,-0.0364752826575311,-0.07491166077738509
LTCUSDT,SHORT,2.0,14150,0.2826148409893993,0.6497526501766785,0.06763250883392226,0.3377017821116189,-0.061683349435984504,-0.152155477031802
LTCUSDT,SHORT,3.0,14150,0.1665017667844523,0.6901766784452297,0.14332155477031802,0.6927754954915949,-0.09138171697123995,-0.3339929328621908
LTCUSDT,SHORT,5.0,14150,0.06742049469964664,0.7015547703180212,0.23102473498233214,1.2721615508294801,-0.07055151168469467,-0.5954770318021202
LTCUSDT,SHORT,8.0,14150,0.021696113074204947,0.70226148409894,0.2760424028268551,1.6975418735670371,-0.06009904182665396,-0.8047349823321555
MANAUSDT,LONG,1.0,11393,0.45211972263670674,0.5407706486439041,0.007109628719389098,-0.05332563423244863,-0.08903005146781606,-0.09576055472658651
MANAUSDT,LONG,1.5,11393,0.32634073553936627,0.6459229351356096,0.027736329325024137,0.201758685612584,-0.15081578647822552,-0.18414816115158433
MANAUSDT,LONG,2.0,11393,0.2490125515667515,0.6946370578425349,0.056350390590713596,0.431660349065197,-0.17228772543668425,-0.2529623452997455
MANAUSDT,LONG,3.0,11393,0.15035548143596947,0.7317651189326779,0.11787939963135259,0.8397029820804203,-0.1817149912284733,-0.39857807425612213
MANAUSDT,LONG,5.0,11393,0.058895813218643026,0.7459843763714562,0.1951198104099008,1.4597248663470126,-0.16668407110599412,-0.6466251206881419
MANAUSDT,LONG,8.0,11393,0.014833669797243921,0.7487931185815851,0.2363732116211709,1.9251203455946835,-0.17507688135816002,-0.8664969718248048
MANAUSDT,SHORT,1.0,11393,0.5391029579566401,0.4537874133239709,0.007109628719389098,0.05332563423244863,0.08569467009328785,0.07820591591328019
MANAUSDT,SHORT,1.5,11393,0.41306065127709995,0.5579741946809444,0.028965154041955588,0.21880743622057386,0.06795457333035981,0.032651628192749915
MANAUSDT,SHORT,2.0,11393,0.3204599315369086,0.611340296673396,0.06819977178969543,0.46383314270188386,0.061212880881187016,-0.03862020538927424
MANAUSDT,SHORT,3.0,11393,0.19678750109716492,0.6474150794347406,0.15579741946809444,0.9065523640693931,0.08418594279146605,-0.21284999561134033
MANAUSDT,SHORT,5.0,11393,0.07293952426928815,0.658211182304924,0.2688492934257878,1.4795408643130492,0.1042599550066593,-0.562362854384271
MANAUSDT,SHORT,8.0,11393,0.021416659352233827,0.6600544193803213,0.3185289212674449,1.9012580882170225,0.11688454332832217,-0.8072500658298956
NEARUSDT,LONG,1.0,2946,0.49321113374066533,0.5030549898167006,0.00373387644263408,0.06349615730661849,-0.00960676927007033,-0.013577732518669394
NEARUSDT,LONG,1.5,2946,0.36795655125594023,0.608621860149355,0.023421588594704685,0.09598220173139488,-0.05443897762407798,-0.08010862186014944
NEARUSDT,LONG,2.0,2946,0.2997284453496266,0.6564833672776647,0.04378818737270876,0.30966706550931755,-0.04346671709073254,-0.10081466395112015
NEARUSDT,LONG,3.0,2946,0.19959266802443992,0.6870332654446707,0.11337406653088934,0.7787106016741763,3.0326191165936173e-05,-0.2016293279022403
NEARUSDT,LONG,5.0,2946,0.09775967413441955,0.7009504412763069,0.2012898845892736,1.495948286775286,0.0889671873923098,-0.4134419551934827
NEARUSDT,LONG,8.0,2946,0.03428377460964019,0.703326544467074,0.2623896809232858,2.176850787724032,0.14212683601855974,-0.6914460285132383
NEARUSDT,SHORT,1.0,2946,0.5023761031907671,0.4938900203665988,0.00373387644263408,-0.06349615730661849,0.008248996018203392,0.004752206381534174
NEARUSDT,SHORT,1.5,2946,0.37474541751527496,0.5987780040733197,0.026476578411405296,0.27711827125899824,-0.029322734162185386,-0.06313645621181263
NEARUSDT,SHORT,2.0,2946,0.2729124236252546,0.6541072640868975,0.07298031228784793,0.4841067661562709,-0.07295215386164351,-0.18126272912423624
NEARUSDT,SHORT,3.0,2946,0.1500339443312967,0.6904276985743381,0.15953835709436523,0.9399680077706096,-0.09036491389946145,-0.39986422267481325
NEARUSDT,SHORT,5.0,2946,0.04446707399864223,0.6958587915818059,0.25967413441955195,1.6506598636441123,-0.0448897502757142,-0.7331975560081466
NEARUSDT,SHORT,8.0,2946,0.010522742701968771,0.6958587915818059,0.2936184657162254,1.9730661056669538,-0.0323482072634368,-0.905295315682281
SANDUSDT,LONG,1.0,11345,0.4580872631115029,0.5333627148523579,0.008550022036139268,-0.038774623614735174,-0.07560697562720399,-0.08382547377699417
SANDUSDT,LONG,1.5,11345,0.33680035257822827,0.6350815337152931,0.028118113706478626,0.18957316063453342,-0.12455056516153229,-0.15799911855442927
SANDUSDT,LONG,2.0,11345,0.25368003525782284,0.6855883649184663,0.06073159982371089,0.41400948789335246,-0.15308483586086208,-0.23895989422653152
SANDUSDT,LONG,3.0,11345,0.15486998677831643,0.723843102688409,0.12128691053327458,0.7983644483754913,-0.16240198493039434,-0.3805200528867343
SANDUSDT,LONG,5.0,11345,0.06364037020713971,0.7379462318201852,0.19841339797267518,1.3895841092534114,-0.14403227589868406,-0.6181577787571617
SANDUSDT,LONG,8.0,11345,0.020978404583516966,0.7406787130894668,0.2383428823270163,1.8142106643463887,-0.14044727753260156,-0.8111943587483473
SANDUSDT,SHORT,1.0,11345,0.5315116791538123,0.4599382988100485,0.008550022036139268,0.038774623614735174,0.07190490423011275,0.06302335830762451
SANDUSDT,SHORT,1.5,11345,0.4052005288673424,0.5648303217276334,0.02996914940502424,0.31165745446286675,0.052310580389367534,0.013001322168356033
SANDUSDT,SHORT,2.0,11345,0.3143234905244601,0.6176289114147201,0.06804759806081974,0.5169739441610876,0.04619690479439045,-0.05702952842661968
SANDUSDT,SHORT,3.0,11345,0.19427060379021596,0.6539444689290437,0.15178492728074042,0.9412499385822375,0.07173489592231054,-0.22291758483913615
SANDUSDT,SHORT,5.0,11345,0.07668576465403261,0.6666372851476421,0.25667695019832526,1.5163193944436713,0.10599577581489389,-0.5398854120758043
SANDUSDT,SHORT,8.0,11345,0.02000881445570736,0.668223887174967,0.3117672983693257,1.9884333845472104,0.11177513275835015,-0.8199206698986338
SOLUSDT,LONG,1.0,11363,0.47109038106133944,0.5241573528117575,0.004752266126903107,-0.08497954755856442,-0.05347081717576014,-0.057819237877321183
SOLUSDT,LONG,1.5,11363,0.3538678165977295,0.6267710991815542,0.01936108422071636,0.1693443986532079,-0.09269068312032863,-0.11533045850567636
SOLUSDT,LONG,2.0,11363,0.27413535157968844,0.6771099181554167,0.04875473026489483,0.4241733847013571,-0.10815875603937765,-0.17759394526093464
SOLUSDT,LONG,3.0,11363,0.1728416791340315,0.7089677021913228,0.11819061867464578,0.883799743363483,-0.08598582633660497,-0.308633283463874
SOLUSDT,LONG,5.0,11363,0.06881985391181906,0.7254246237789316,0.20575552230924932,1.5036071392422525,-0.07194988193713048,-0.5870808765290856
SOLUSDT,LONG,8.0,11363,0.019713103933820295,0.7271847223444513,0.25310217372172844,2.1002741749435847,-0.037895931784058,-0.8225820645956173
SOLUSDT,SHORT,1.0,11363,0.52169321482003,0.47355451905306695,0.004752266126903107,0.08497954755856442,0.04854254119230506,0.0433864296400599
SOLUSDT,SHORT,1.5,11363,0.39320601953709405,0.5827686350435625,0.024025345419343484,0.28299764581461534,0.013839510455635834,-0.016984951157264838
SOLUSDT,SHORT,2.0,11363,0.3035289976238669,0.6381237349291561,0.05834726744697703,0.5238385436468562,-0.0005011920762240916,-0.08941300712839928
SOLUSDT,SHORT,3.0,11363,0.17319369884713545,0.6779899674381765,0.14881633371468803,0.9774779444042831,-0.01294418692355514,-0.3072252046114582
SOLUSDT,SHORT,5.0,11363,0.0643316025697439,0.6874944996919827,0.24817389773827334,1.505751225980238,0.007851663932435981,-0.6140103845815366
SOLUSDT,SHORT,8.0,11363,0.016896946228988824,0.6904866672533662,0.292616386517645,1.927842930331388,0.008807334625703121,-0.8479274839391006
THETAUSDT,LONG,1.0,13347,0.4672960215778827,0.5253615044579306,0.007342473964186708,-0.04290402833377017,-0.058380504591047384,-0.06540795684423456
THETAUSDT,LONG,1.5,13347,0.3478684348542744,0.6252341350116131,0.026897430134112534,0.18956249941049602,-0.09833273864625997,-0.13032891286431403
THETAUSDT,LONG,2.0,13347,0.265303064359032,0.6755076047051772,0.05918933093579081,0.39046614494070314,-0.12179004611499546,-0.20409080692290404
THETAUSDT,LONG,3.0,13347,0.16850228515771334,0.710346894433206,0.12115082040908069,0.8463818965072875,-0.10230017781881443,-0.3259908593691466
THETAUSDT,LONG,5.0,13347,0.07057765790065183,0.7273544616767813,0.20206788042256688,1.4432695254716985,-0.08282775828297215,-0.5765340525960889
THETAUSDT,LONG,8.0,13347,0.018580954521615345,0.7300516970105642,0.2513673484678205,1.9715732563029422,-0.08581491909070418,-0.8327714093054619
THETAUSDT,SHORT,1.0,13347,0.5231887315501611,0.4694687944856522,0.007342473964186708,0.04290402833377017,0.05403495877550831,0.0463774631003222
THETAUSDT,SHORT,1.5,13347,0.3830074173971679,0.5825279088933842,0.034464673709447814,0.26298474629341556,0.00104690067393205,-0.04248145650708024
THETAUSDT,SHORT,2.0,13347,0.29122649284483404,0.6352738443095827,0.07349966284558328,0.5010745317383689,-0.015992049476635958,-0.12632052146549788
THETAUSDT,SHORT,3.0,13347,0.1703753652506181,0.6722109837416648,0.1574136510077171,0.8826927496720662,-0.022136999545889647,-0.31849853899752756
THETAUSDT,SHORT,5.0,13347,0.06061287180639844,0.6830748482805125,0.2563122799130891,1.4536992916928664,-0.007409509486678933,-0.6363227691616093
THETAUSDT,SHORT,8.0,13347,0.011762942983441972,0.6843485427436877,0.3038885142728703,1.8542948216116182,-0.026746100512720184,-0.8941335131490222
UNIUSDT,LONG,1.0,11171,0.45859815593948616,0.5352251365141886,0.006176707546325306,0.006793132677572038,-0.07658502138082961,-0.08280368812102767
UNIUSDT,LONG,1.5,11171,0.3336317250022379,0.6406767523050756,0.02569152269268642,0.22174157832586255,-0.13453228601024775,-0.16592068749440514
UNIUSDT,LONG,2.0,11171,0.2571837794288783,0.690090412675678,0.05272580789544356,0.45538084243525095,-0.1517125310004151,-0.2284486617133651
UNIUSDT,LONG,3.0,11171,0.15405961865544715,0.7288514904663862,0.11708889087816668,0.8390127865276726,-0.16843355789291956,-0.3837615253782114
UNIUSDT,LONG,5.0,11171,0.05639602542297019,0.742189598066422,0.2014143765106078,1.437608493106892,-0.17065445264609194,-0.661623847462179
UNIUSDT,LONG,8.0,11171,0.014591352609435145,0.7431742905738071,0.24223435681675767,1.922753081069844,-0.16068661378793328,-0.8686778265150837
UNIUSDT,SHORT,1.0,11171,0.5330767164980754,0.4607465759555993,0.006176707546325306,-0.006793132677572038,0.0722881813486033,0.06615343299615084
UNIUSDT,SHORT,1.5,11171,0.39933757049503177,0.5724644167934831,0.028198012711485095,0.25764981404354337,0.033807151680576145,-0.0016560737624206068
UNIUSDT,SHORT,2.0,11171,0.30203204726524036,0.6317250022379375,0.06624295049682213,0.487221606277244,0.004614089038148824,-0.09390385820427893
UNIUSDT,SHORT,3.0,11171,0.17769223883269178,0.6774684450810133,0.14483931608629488,0.8736172756668369,-0.017857599854181148,-0.2892310446692329
UNIUSDT,SHORT,5.0,11171,0.06498970548742279,0.6883895801629218,0.24662071434965535,1.511756454667112,0.00938940404689766,-0.6100617670754633
UNIUSDT,SHORT,8.0,11171,0.01844060513830454,0.689374272670307,0.2921851221913884,1.9458627952361047,0.026702727029867163,-0.8340345537552591
VETUSDT,LONG,1.0,13934,0.46533658676618345,0.5281326252332424,0.006530788000574135,-0.023895165735773945,-0.0629520927287179,-0.06932682646763316
VETUSDT,LONG,1.5,13934,0.3421128175685374,0.6316204966269556,0.026266685804506962,0.22383627507155776,-0.11257183316519377,-0.14471795607865656
VETUSDT,LONG,2.0,13934,0.2609444524185446,0.679847854169657,0.059207693411798476,0.47623395179261074,-0.1297622355225417,-0.21716664274436626
VETUSDT,LONG,3.0,13934,0.15587770920051672,0.719822018085259,0.1243002727142242,0.8628197143123152,-0.14494016469147913,-0.37648916319793313
VETUSDT,LONG,5.0,13934,0.06279603846705899,0.7347495335151428,0.2024544280177982,1.440316038784277,-0.12917098138291622,-0.6232237691976461
VETUSDT,LONG,8.0,13934,0.01880292808956509,0.7366872398449835,0.2445098320654514,1.927419939063326,-0.11499068950848639,-0.8307736471939142
VETUSDT,SHORT,1.0,13934,0.5261231520022965,0.4673460599971293,0.006530788000574135,0.023895165735773945,0.05893314626682613,0.05224630400459307
VETUSDT,SHORT,1.5,13934,0.3906272427156595,0.5799483278312042,0.029424429453136215,0.23568262635154874,0.012927363054696071,-0.02343189321085115
VETUSDT,SHORT,2.0,13934,0.3009186163341467,0.6301133917037463,0.06896799196210708,0.49097125972283484,0.005585142858737206,-0.09724415099756001
VETUSDT,SHORT,3.0,13934,0.17848428304865796,0.6674321802784555,0.15408353667288646,0.8676713873476448,0.0017145448999133983,-0.28606286780536816
VETUSDT,SHORT,5.0,13934,0.057987656093009904,0.6795607865652361,0.26245155734175396,1.4872940912565282,0.0007201443752780239,-0.6520740634419405
VETUSDT,SHORT,8.0,13934,0.014783981627673318,0.6809243576862352,0.3042916606860916,1.8246282156343567,-0.007433354794770055,-0.8669441653509401
XRPUSDT,LONG,1.0,14168,0.4569452286843591,0.5311264822134387,0.011928289102202146,0.026658970353513816,-0.07386325762353588,-0.08610954263128173
XRPUSDT,LONG,1.5,14168,0.336038961038961,0.626270468661773,0.03769057029926595,0.2415339833722953,-0.11310847352337623,-0.1599025974025975
XRPUSDT,LONG,2.0,14168,0.25691699604743085,0.6719367588932806,0.07114624505928854,0.4637757934873068,-0.12510686054240508,-0.2292490118577074
XRPUSDT,LONG,3.0,14168,0.16523150762281197,0.7044748729531338,0.1302936194240542,0.7915175640647103,-0.1056506618249961,-0.3390739695087522
XRPUSDT,LONG,5.0,14168,0.07827498588368154,0.7216967814793902,0.2000282326369283,1.2747828742905691,-0.0753292867208164,-0.5303500846979108
XRPUSDT,LONG,8.0,14168,0.027456239412761152,0.7263551665725578,0.24618859401468096,1.7656273409515941,-0.07202793864771599,-0.7528938452851497
XRPUSDT,SHORT,1.0,14168,0.5271739130434783,0.4608977978543196,0.011928289102202146,-0.026658970353513816,0.06595811928361493,0.05434782608695654
XRPUSDT,SHORT,1.5,14168,0.3995623941276115,0.5601355166572558,0.040302089215132696,0.18907303192160207,0.046828112734841526,-0.0010940146809711448
XRPUSDT,SHORT,2.0,14168,0.3045595708639187,0.6090485601355167,0.08639186900056466,0.39103938821776185,0.033853205193290554,-0.08632128740824385
XRPUSDT,SHORT,3.0,14168,0.17920666290231507,0.6520327498588369,0.1687605872388481,0.7724123916144396,0.01594000764752437,-0.2831733483907397
XRPUSDT,SHORT,5.0,14168,0.06874647092038397,0.6672783738001129,0.2639751552795031,1.248555756853612,0.006041680592356631,-0.5875211744776961
XRPUSDT,SHORT,8.0,14168,0.023291925465838508,0.6689017504234895,0.30780632411067194,1.6087794754058813,0.012626149932597992,-0.7903726708074534
