date,source,category,slug
2020-01-03,fed,monetary,monetary20200103a
2020-01-09,fed,enforcement,enforcement20200109a
2020-01-09,fed,monetary,monetary20200109a
2020-01-10,fed,other,other20200110a
2020-01-10,fed,other,other20200110b
2020-01-14,fed,other,other20200114a
2020-01-30,fed,bcreg,bcreg20200130a
2020-01-30,fed,bcreg,bcreg20200130b
2020-01-30,fed,enforcement,enforcement20200130a
2020-01-30,fed,other,other20200130a
2020-01-31,fed,bcreg,bcreg20200131a
2020-02-04,fed,enforcement,enforcement20200204a
2020-02-04,fed,enforcement,enforcement20200204b
2020-02-06,fed,bcreg,bcreg20200206a
2020-02-06,fed,enforcement,enforcement20200206a
2020-02-13,fed,enforcement,enforcement20200213a
2020-02-19,fed,monetary,monetary20200219a
2020-02-21,fed,bcreg,bcreg20200221a
2020-02-25,fed,monetary,monetary20200225a
2020-02-28,fed,other,other20200228a
2020-03-03,fed,monetary,monetary20200303b
2020-03-04,fed,bcreg,bcreg20200304a
2020-03-04,fed,monetary,monetary20200304a
2020-03-05,fed,bcreg,bcreg20200305a
2020-03-05,fed,enforcement,enforcement20200305a
2020-03-06,fed,bcreg,bcreg20200306a
2020-03-06,fed,bcreg,bcreg20200306b
2020-03-09,fed,bcreg,bcreg20200309a
2020-03-12,fed,bcreg,bcreg20200312a
2020-03-15,fed,monetary,monetary20200315b
2020-03-15,fed,monetary,monetary20200315c
2020-03-16,fed,bcreg,bcreg20200316a
2020-03-16,fed,monetary,monetary20200316a
2020-03-17,fed,bcreg,bcreg20200317a
2020-03-17,fed,monetary,monetary20200317a
2020-03-17,fed,monetary,monetary20200317b
2020-03-18,fed,monetary,monetary20200318a
2020-03-19,fed,monetary,monetary20200319a
2020-03-19,fed,monetary,monetary20200319b
2020-03-19,fed,monetary,monetary20200319c
2020-03-20,fed,monetary,monetary20200320a
2020-03-20,fed,monetary,monetary20200320b
2020-03-22,fed,bcreg,bcreg20200322a
2020-03-23,fed,bcreg,bcreg20200323a
2020-03-23,fed,monetary,monetary20200323b
2020-03-23,fed,other,other20200323a
2020-03-24,fed,bcreg,bcreg20200324a
2020-03-24,fed,other,other20200324a
2020-03-26,fed,bcreg,bcreg20200326a
2020-03-26,fed,bcreg,bcreg20200326b
2020-03-27,fed,bcreg,bcreg20200327a
2020-03-31,fed,bcreg,bcreg20200331a
2020-03-31,fed,monetary,monetary20200331a
2020-04-01,fed,bcreg,bcreg20200401a
2020-04-02,fed,bcreg,bcreg20200402a
2020-04-03,fed,bcreg,bcreg20200403a
2020-04-06,fed,bcreg,bcreg20200406a
2020-04-06,fed,monetary,monetary20200406a
2020-04-06,fed,other,other20200406a
2020-04-07,fed,bcreg,bcreg20200407a
2020-04-08,fed,enforcement,enforcement20200408a
2020-04-08,fed,monetary,monetary20200408a
2020-04-09,fed,bcreg,bcreg20200409a
2020-04-09,fed,monetary,monetary20200409a
2020-04-14,fed,bcreg,bcreg20200414a
2020-04-14,fed,enforcement,enforcement20200414a
2020-04-16,fed,enforcement,enforcement20200416a
2020-04-16,fed,monetary,monetary20200416a
2020-04-17,fed,bcreg,bcreg20200417a
2020-04-17,fed,monetary,monetary20200417a
2020-04-23,fed,monetary,monetary20200423a
2020-04-23,fed,monetary,monetary20200423b
2020-04-23,fed,other,other20200423a
2020-04-24,fed,bcreg,bcreg20200424a
2020-04-27,fed,bcreg,bcreg20200427a
2020-04-27,fed,monetary,monetary20200427a
2020-04-30,fed,enforcement,enforcement20200430a
2020-04-30,fed,monetary,monetary20200430a
2020-04-30,fed,monetary,monetary20200430b
2020-04-30,fed,orders,orders20200430a
2020-05-01,fed,bcreg,bcreg20200501a
2020-05-05,fed,bcreg,bcreg20200505a
2020-05-05,fed,enforcement,enforcement20200505a
2020-05-06,fed,bcreg,bcreg20200506a
2020-05-08,fed,bcreg,bcreg20200508a
2020-05-11,fed,monetary,monetary20200511a
2020-05-12,fed,monetary,monetary20200512a
2020-05-14,fed,other,other20200514a
2020-05-15,fed,bcreg,bcreg20200515a
2020-05-20,fed,bcreg,bcreg20200520a
2020-05-20,fed,monetary,monetary20200520a
2020-05-26,fed,monetary,monetary20200526a
2020-05-26,fed,other,other20200526a
2020-05-28,fed,enforcement,enforcement20200528a
2020-05-29,fed,bcreg,bcreg20200529a
2020-05-29,fed,other,other20200529a
2020-06-02,fed,bcreg,bcreg20200602a
2020-06-03,fed,monetary,monetary20200603a
2020-06-04,fed,enforcement,enforcement20200604a
2020-06-08,fed,monetary,monetary20200608a
2020-06-09,fed,bcreg,bcreg20200609a
2020-06-09,fed,enforcement,enforcement20200609a
2020-06-12,fed,monetary,monetary20200612a
2020-06-15,fed,bcreg,bcreg20200615a
2020-06-15,fed,monetary,monetary20200615a
2020-06-15,fed,monetary,monetary20200615b
2020-06-15,fed,orders,orders20200615a
2020-06-18,fed,other,other20200618a
2020-06-23,fed,bcreg,bcreg20200623a
2020-06-24,fed,bcreg,bcreg20200624a
2020-06-25,fed,bcreg,bcreg20200625a
2020-06-25,fed,bcreg,bcreg20200625b
2020-06-25,fed,bcreg,bcreg20200625c
2020-06-26,fed,bcreg,bcreg20200626a
2020-06-29,fed,bcreg,bcreg20200629a
2020-06-29,fed,monetary,monetary20200629a
2020-06-30,fed,enforcement,enforcement20200630a
2020-07-01,fed,bcreg,bcreg20200701a
2020-07-01,fed,monetary,monetary20200701a
2020-07-02,fed,enforcement,enforcement20200702a
2020-07-02,fed,monetary,monetary20200702a
2020-07-07,fed,monetary,monetary20200707a
2020-07-09,fed,enforcement,enforcement20200709a
2020-07-15,fed,bcreg,bcreg20200715a
2020-07-15,fed,other,other20200715a
2020-07-17,fed,monetary,monetary20200717a
2020-07-21,fed,other,other20200721a
2020-07-23,fed,monetary,monetary20200723a
2020-07-24,fed,bcreg,bcreg20200724a
2020-07-28,fed,monetary,monetary20200728a
2020-07-29,fed,monetary,monetary20200729b
2020-08-04,fed,orders,orders20200804a
2020-08-06,fed,enforcement,enforcement20200806a
2020-08-06,fed,other,other20200806a
2020-08-10,fed,bcreg,bcreg20200810a
2020-08-11,fed,monetary,monetary20200811a
2020-08-13,fed,bcreg,bcreg20200813a
2020-08-13,fed,other,other20200813a
2020-08-19,fed,monetary,monetary20200819a
2020-08-20,fed,enforcement,enforcement20200820a
2020-08-21,fed,bcreg,bcreg20200821a
2020-08-24,fed,other,other20200824a
2020-08-25,fed,monetary,monetary20200825a
2020-08-26,fed,bcreg,bcreg20200826a
2020-08-26,fed,orders,orders20200826a
2020-08-27,fed,monetary,monetary20200827a
2020-09-01,fed,bcreg,bcreg20200901a
2020-09-01,fed,bcreg,bcreg20200901b
2020-09-02,fed,other,other20200902a
2020-09-04,fed,bcreg,bcreg20200904a
2020-09-08,fed,enforcement,enforcement20200908a
2020-09-14,fed,other,other20200914a
2020-09-17,fed,bcreg,bcreg20200917a
2020-09-18,fed,monetary,monetary20200918a
2020-09-18,fed,other,other20200918a
2020-09-21,fed,bcreg,bcreg20200921a
2020-09-25,fed,other,other20200925a
2020-09-29,fed,bcreg,bcreg20200929a
2020-09-29,fed,enforcement,enforcement20200929a
2020-09-30,fed,bcreg,bcreg20200930a
2020-09-30,fed,bcreg,bcreg20200930b
2020-09-30,fed,orders,orders20200930a
2020-09-30,fed,orders,orders20200930b
2020-10-01,fed,enforcement,enforcement20201001a
2020-10-01,fed,other,other20201001a
2020-10-06,fed,other,other20201006a
2020-10-07,fed,enforcement,enforcement20201007a
2020-10-07,fed,monetary,monetary20201007a
2020-10-07,fed,orders,orders20201007a
2020-10-13,fed,monetary,monetary20201013a
2020-10-14,fed,other,other20201014a
2020-10-15,fed,enforcement,enforcement20201015a
2020-10-20,fed,bcreg,bcreg20201020a
2020-10-20,fed,bcreg,bcreg20201020b
2020-10-20,fed,enforcement,enforcement20201020a
2020-10-21,fed,orders,orders20201021a
2020-10-22,fed,enforcement,enforcement20201022a
2020-10-22,fed,orders,orders20201022a
2020-10-23,fed,bcreg,bcreg20201023a
2020-10-29,fed,bcreg,bcreg20201029a
2020-10-29,fed,other,other20201029a
2020-10-30,fed,bcreg,bcreg20201030a
2020-10-30,fed,monetary,monetary20201030a
2020-11-06,fed,bcreg,bcreg20201106a
2020-11-10,fed,enforcement,enforcement20201110a
2020-11-10,fed,other,other20201110a
2020-11-18,fed,bcreg,bcreg20201118a
2020-11-18,fed,bcreg,bcreg20201118b
2020-11-19,fed,bcreg,bcreg20201119a
2020-11-19,fed,bcreg,bcreg20201119b
2020-11-19,fed,enforcement,enforcement20201119a
2020-11-20,fed,bcreg,bcreg20201120a
2020-11-20,fed,other,other20201120a
2020-11-24,fed,enforcement,enforcement20201124a
2020-11-25,fed,monetary,monetary20201125a
2020-11-30,fed,bcreg,bcreg20201130a
2020-11-30,fed,bcreg,bcreg20201130b
2020-11-30,fed,monetary,monetary20201130a
2020-11-30,fed,other,other20201130a
2020-12-01,fed,monetary,monetary20201201a
2020-12-03,fed,bcreg,bcreg20201203a
2020-12-04,fed,bcreg,bcreg20201204a
2020-12-07,fed,bcreg,bcreg20201207a
2020-12-08,fed,enforcement,enforcement20201208a
2020-12-08,fed,orders,orders20201208a
2020-12-09,fed,bcreg,bcreg20201209a
2020-12-11,fed,monetary,monetary20201211a
2020-12-15,fed,bcreg,bcreg20201215a
2020-12-16,fed,monetary,monetary20201216c
2020-12-17,fed,bcreg,bcreg20201217a
2020-12-17,fed,other,other20201217a
2020-12-17,fed,other,other20201217b
2020-12-18,fed,bcreg,bcreg20201218a
2020-12-18,fed,bcreg,bcreg20201218b
2020-12-18,fed,bcreg,bcreg20201218c
2020-12-18,fed,other,other20201218a
2020-12-22,fed,enforcement,enforcement20201222a
2020-12-22,fed,monetary,monetary20201222a
2020-12-23,fed,other,other20201223a
2020-12-29,fed,monetary,monetary20201229a
2021-01-05,fed,enforcement,enforcement20210105a
2021-01-06,fed,monetary,monetary20210106a
2021-01-07,fed,enforcement,enforcement20210107a
2021-01-11,fed,other,other20210111a
2021-01-12,fed,monetary,monetary20210112a
2021-01-19,fed,bcreg,bcreg20210119a
2021-01-21,fed,other,other20210121a
2021-01-22,fed,orders,orders20210122a
2021-02-02,fed,enforcement,enforcement20210202a
2021-02-04,fed,enforcement,enforcement20210204a
2021-02-08,fed,orders,orders20210208a
2021-02-08,fed,orders,orders20210208b
2021-02-09,fed,bcreg,bcreg20210209a
2021-02-12,fed,bcreg,bcreg20210212a
2021-02-17,fed,monetary,monetary20210217a
2021-02-18,fed,bcreg,bcreg20210218a
2021-02-22,fed,bcreg,bcreg20210222a
2021-02-23,fed,monetary,monetary20210223a
2021-02-25,fed,bcreg,bcreg20210225a
2021-03-02,fed,enforcement,enforcement20210302a
2021-03-04,fed,enforcement,enforcement20210304a
2021-03-05,fed,bcreg,bcreg20210305a
2021-03-08,fed,monetary,monetary20210308a
2021-03-09,fed,bcreg,bcreg20210309a
2021-03-11,fed,bcreg,bcreg20210311a
2021-03-11,fed,enforcement,enforcement20210311a
2021-03-18,fed,enforcement,enforcement20210318a
2021-03-19,fed,bcreg,bcreg20210319a
2021-03-19,fed,bcreg,bcreg20210319b
2021-03-22,fed,other,other20210322a
2021-03-23,fed,enforcement,enforcement20210323a
2021-03-25,fed,bcreg,bcreg20210325a
2021-03-25,fed,enforcement,enforcement20210325a
2021-03-29,fed,bcreg,bcreg20210329a
2021-03-30,fed,enforcement,enforcement20210330a
2021-03-31,fed,bcreg,bcreg20210331a
2021-03-31,fed,bcreg,bcreg20210331b
2021-04-07,fed,monetary,monetary20210407a
2021-04-08,fed,bcreg,bcreg20210408a
2021-04-08,fed,enforcement,enforcement20210408a
2021-04-08,fed,other,other20210408a
2021-04-09,fed,bcreg,bcreg20210409a
2021-04-09,fed,orders,orders20210409a
2021-04-12,fed,other,other20210412a
2021-04-13,fed,monetary,monetary20210413a
2021-04-22,fed,bcreg,bcreg20210422a
2021-04-22,fed,enforcement,enforcement20210422a
2021-04-29,fed,enforcement,enforcement20210429a
2021-05-05,fed,bcreg,bcreg20210505a
2021-05-07,fed,bcreg,bcreg20210507a
2021-05-14,fed,bcreg,bcreg20210514a
2021-05-14,fed,orders,orders20210514a
2021-05-17,fed,bcreg,bcreg20210517a
2021-05-17,fed,other,other20210517a
2021-05-19,fed,monetary,monetary20210519a
2021-05-20,fed,other,other20210520a
2021-05-20,fed,other,other20210520b
2021-05-21,fed,bcreg,bcreg20210521a
2021-05-24,fed,orders,orders20210524a
2021-05-25,fed,monetary,monetary20210525a
2021-05-25,fed,orders,orders20210525a
2021-05-28,fed,other,other20210528a
2021-06-01,fed,other,other20210601a
2021-06-02,fed,bcreg,bcreg20210602a
2021-06-02,fed,monetary,monetary20210602a
2021-06-03,fed,enforcement,enforcement20210603a
2021-06-04,fed,monetary,monetary20210604a
2021-06-07,fed,bcreg,bcreg20210607a
2021-06-10,fed,enforcement,enforcement20210610a
2021-06-10,fed,orders,orders20210610a
2021-06-16,fed,monetary,monetary20210616c
2021-06-17,fed,enforcement,enforcement20210617a
2021-06-17,fed,other,other20210617a
2021-06-17,fed,other,other20210617b
2021-06-22,fed,bcreg,bcreg20210622a
2021-06-23,fed,monetary,monetary20210623a
2021-06-24,fed,bcreg,bcreg20210624a
2021-06-25,fed,bcreg,bcreg20210625a
2021-06-25,fed,monetary,monetary20210625a
2021-07-01,fed,bcreg,bcreg20210701a
2021-07-01,fed,enforcement,enforcement20210701a
2021-07-07,fed,monetary,monetary20210707a
2021-07-12,fed,orders,orders20210712a
2021-07-13,fed,bcreg,bcreg20210713a
2021-07-13,fed,monetary,monetary20210713a
2021-07-19,fed,bcreg,bcreg20210719a
2021-07-20,fed,bcreg,bcreg20210720a
2021-07-20,fed,bcreg,bcreg20210720b
2021-07-22,fed,enforcement,enforcement20210722a
2021-07-30,fed,other,other20210730a
2021-08-03,fed,enforcement,enforcement20210803a
2021-08-03,fed,other,other20210803a
2021-08-05,fed,bcreg,bcreg20210805a
2021-08-05,fed,enforcement,enforcement20210805a
2021-08-12,fed,enforcement,enforcement20210812a
2021-08-17,fed,orders,orders20210817a
2021-08-18,fed,monetary,monetary20210818a
2021-08-24,fed,enforcement,enforcement20210824a
2021-08-24,fed,monetary,monetary20210824a
2021-08-27,fed,bcreg,bcreg20210827a
2021-08-30,fed,bcreg,bcreg20210830a
2021-08-31,fed,bcreg,bcreg20210831a
2021-09-02,fed,enforcement,enforcement20210902a
2021-09-07,fed,bcreg,bcreg20210907a
2021-09-09,fed,bcreg,bcreg20210909a
2021-09-09,fed,enforcement,enforcement20210909a
2021-09-23,fed,enforcement,enforcement20210923a
2021-10-01,fed,enforcement,enforcement20211001a
2021-10-04,fed,other,other20211004a
2021-10-07,fed,enforcement,enforcement20211007a
2021-10-12,fed,enforcement,enforcement20211012a
2021-10-13,fed,monetary,monetary20211013a
2021-10-13,fed,other,other20211013a
2021-10-19,fed,monetary,monetary20211019a
2021-10-21,fed,other,other20211021a
2021-10-21,fed,other,other20211021b
2021-10-21,fed,other,other20211021c
2021-10-25,fed,other,other20211025a
2021-10-27,fed,bcreg,bcreg20211027a
2021-11-03,fed,other,other20211103a
2021-11-08,fed,other,other20211108a
2021-11-09,fed,enforcement,enforcement20211109a
2021-11-16,fed,enforcement,enforcement20211116a
2021-11-18,fed,bcreg,bcreg20211118a
2021-11-19,fed,other,other20211119a
2021-11-22,fed,other,other20211122a
2021-11-22,fed,other,other20211122b
2021-11-23,fed,bcreg,bcreg20211123a
2021-11-23,fed,enforcement,enforcement20211123a
2021-11-24,fed,bcreg,bcreg20211124a
2021-11-24,fed,monetary,monetary20211124a
2021-11-30,fed,monetary,monetary20211130a
2021-12-01,fed,bcreg,bcreg20211201a
2021-12-01,fed,bcreg,bcreg20211201b
2021-12-01,fed,other,other20211201a
2021-12-09,fed,enforcement,enforcement20211209a
2021-12-10,fed,bcreg,bcreg20211210a
2021-12-15,fed,bcreg,bcreg20211215a
2021-12-16,fed,bcreg,bcreg20211216a
2021-12-16,fed,enforcement,enforcement20211216a
2021-12-17,fed,orders,orders20211217a
2021-12-17,fed,orders,orders20211217b
2021-12-17,fed,orders,orders20211217c
2021-12-22,fed,other,other20211222a
2021-12-23,fed,enforcement,enforcement20211223a
2022-01-05,fed,monetary,monetary20220105a
2022-01-05,fed,other,other20220105a
2022-01-10,fed,bcreg,bcreg20220110a
2022-01-10,fed,other,other20220110a
2022-01-11,fed,monetary,monetary20220111a
2022-01-14,fed,orders,orders20220114a
2022-01-14,fed,other,other20220114a
2022-01-18,fed,enforcement,enforcement20220118a
2022-01-18,fed,other,other20220118a
2022-01-20,fed,enforcement,enforcement20220120a
2022-01-20,fed,other,other20220120a
2022-01-27,fed,enforcement,enforcement20220127a
2022-01-27,fed,orders,orders20220127a
2022-01-28,fed,bcreg,bcreg20220128a
2022-01-28,fed,other,other20220128a
2022-02-04,fed,bcreg,bcreg20220204a
2022-02-04,fed,other,other20220204a
2022-02-07,fed,other,other20220207a
2022-02-10,fed,bcreg,bcreg20220210a
2022-02-10,fed,enforcement,enforcement20220210a
2022-02-11,fed,orders,orders20220211a
2022-02-11,fed,orders,orders20220211b
2022-02-14,fed,bcreg,bcreg20220214a
2022-02-15,fed,enforcement,enforcement20220215a
2022-02-15,fed,orders,orders20220215a
2022-02-16,fed,monetary,monetary20220216a
2022-02-17,fed,orders,orders20220217a
2022-02-22,fed,monetary,monetary20220222a
2022-02-24,fed,enforcement,enforcement20220224a
2022-02-24,fed,orders,orders20220224a
2022-02-25,fed,other,other20220225a
2022-03-01,fed,bcreg,bcreg20220301a
2022-03-01,fed,orders,orders20220301a
2022-03-01,fed,orders,orders20220301b
2022-03-04,fed,orders,orders20220304a
2022-03-04,fed,other,other20220304a
2022-03-10,fed,enforcement,enforcement20220310a
2022-03-17,fed,enforcement,enforcement20220317a
2022-03-17,fed,monetary,monetary20220317a
2022-03-21,fed,other,other20220321a
2022-03-22,fed,bcreg,bcreg20220322a
2022-03-22,fed,enforcement,enforcement20220322a
2022-03-22,fed,orders,orders20220322a
2022-03-25,fed,bcreg,bcreg20220325a
2022-04-01,fed,enforcement,enforcement20220401a
2022-04-05,fed,enforcement,enforcement20220405a
2022-04-06,fed,monetary,monetary20220406a
2022-04-07,fed,enforcement,enforcement20220407a
2022-04-11,fed,other,other20220411a
2022-04-12,fed,enforcement,enforcement20220412a
2022-04-12,fed,monetary,monetary20220412a
2022-04-29,fed,orders,orders20220429a
2022-05-05,fed,bcreg,bcreg20220505a
2022-05-05,fed,enforcement,enforcement20220505a
2022-05-11,fed,bcreg,bcreg20220511a
2022-05-12,fed,enforcement,enforcement20220512a
2022-05-13,fed,orders,orders20220513a
2022-05-17,fed,other,other20220517a
2022-05-17,fed,other,other20220517b
2022-05-19,fed,other,other20220519a
2022-05-23,fed,orders,orders20220523a
2022-05-23,fed,other,other20220523a
2022-05-23,fed,other,other20220523b
2022-05-23,fed,other,other20220523c
2022-05-23,fed,other,other20220523d
2022-05-23,fed,other,other20220523e
2022-05-24,fed,orders,orders20220524a
2022-05-25,fed,monetary,monetary20220525a
2022-05-31,fed,monetary,monetary20220531a
2022-06-06,fed,bcreg,bcreg20220606a
2022-06-07,fed,bcreg,bcreg20220607a
2022-06-07,fed,orders,orders20220607a
2022-06-16,fed,enforcement,enforcement20220616a
2022-06-16,fed,monetary,monetary20220616b
2022-06-17,fed,monetary,monetary20220617a
2022-06-21,fed,enforcement,enforcement20220621a
2022-06-22,fed,orders,orders20220622a
2022-06-23,fed,bcreg,bcreg20220623a
2022-06-24,fed,enforcement,enforcement20220624a
2022-06-24,fed,monetary,monetary20220624a
2022-06-27,fed,other,other20220627a
2022-06-28,fed,bcreg,bcreg20220628a
2022-07-01,fed,bcreg,bcreg20220701a
2022-07-01,fed,bcreg,bcreg20220701b
2022-07-01,fed,orders,orders20220701a
2022-07-06,fed,monetary,monetary20220706a
2022-07-07,fed,enforcement,enforcement20220707a
2022-07-12,fed,monetary,monetary20220712a
2022-07-15,fed,other,other20220715a
2022-07-19,fed,bcreg,bcreg20220719a
2022-07-19,fed,other,other20220719a
2022-07-27,fed,monetary,monetary20220727b
2022-07-28,fed,bcreg,bcreg20220728a
2022-07-28,fed,enforcement,enforcement20220728a
2022-07-28,fed,monetary,monetary20220728a
2022-08-01,fed,other,other20220801a
2022-08-04,fed,bcreg,bcreg20220804a
2022-08-15,fed,other,other20220815a
2022-08-16,fed,bcreg,bcreg20220816a
2022-08-16,fed,enforcement,enforcement20220816a
2022-08-17,fed,monetary,monetary20220817a
2022-08-23,fed,monetary,monetary20220823a
2022-08-29,fed,other,other20220829a
2022-09-01,fed,enforcement,enforcement20220901a
2022-09-09,fed,bcreg,bcreg20220909a
2022-09-14,fed,orders,orders20220914a
2022-09-22,fed,monetary,monetary20220922a
2022-09-23,fed,bcreg,bcreg20220923a
2022-09-27,fed,bcreg,bcreg20220927a
2022-09-27,fed,enforcement,enforcement20220927a
2022-09-28,fed,bcreg,bcreg20220928a
2022-09-29,fed,bcreg,bcreg20220929a
2022-09-29,fed,other,other20220929a
2022-09-30,fed,bcreg,bcreg20220930a
2022-10-03,fed,bcreg,bcreg20221003a
2022-10-06,fed,bcreg,bcreg20221006a
2022-10-11,fed,orders,orders20221011a
2022-10-12,fed,monetary,monetary20221012a
2022-10-13,fed,bcreg,bcreg20221013a
2022-10-13,fed,bcreg,bcreg20221013b
2022-10-13,fed,enforcement,enforcement20221013a
2022-10-14,fed,bcreg,bcreg20221014a
2022-10-18,fed,monetary,monetary20221018a
2022-10-25,fed,orders,orders20221025a
2022-11-03,fed,enforcement,enforcement20221103a
2022-11-03,fed,monetary,monetary20221103a
2022-11-03,fed,other,other20221103a
2022-11-04,fed,other,other20221104a
2022-11-17,fed,enforcement,enforcement20221117a
2022-11-18,fed,other,other20221118a
2022-11-23,fed,bcreg,bcreg20221123a
2022-11-23,fed,monetary,monetary20221123a
2022-11-29,fed,bcreg,bcreg20221129a
2022-11-29,fed,monetary,monetary20221129a
2022-12-01,fed,enforcement,enforcement20221201a
2022-12-02,fed,orders,orders20221202a
2022-12-02,fed,other,other20221202a
2022-12-02,fed,other,other20221202b
2022-12-06,fed,enforcement,enforcement20221206a
2022-12-15,fed,bcreg,bcreg20221215a
2022-12-15,fed,orders,orders20221215a
2022-12-16,fed,bcreg,bcreg20221216a
2022-12-16,fed,bcreg,bcreg20221216b
2022-12-19,fed,bcreg,bcreg20221219a
2022-12-19,fed,orders,orders20221219a
2022-12-21,fed,bcreg,bcreg20221221a
2022-12-22,fed,other,other20221222a
2023-01-03,fed,bcreg,bcreg20230103a
2023-01-04,fed,monetary,monetary20230104a
2023-01-05,fed,enforcement,enforcement20230105a
2023-01-10,fed,monetary,monetary20230110a
2023-01-10,fed,other,other20230110a
2023-01-13,fed,other,other20230113a
2023-01-13,fed,other,other20230113b
2023-01-17,fed,orders,orders20230117a
2023-01-17,fed,other,other20230117a
2023-01-18,fed,other,other20230118a
2023-01-24,fed,enforcement,enforcement20230124a
2023-01-27,fed,bcreg,bcreg20230127a
2023-01-27,fed,orders,orders20230127a
2023-02-02,fed,other,other20230202a
2023-02-09,fed,bcreg,bcreg20230209a
2023-02-14,fed,other,other20230214a
2023-02-16,fed,enforcement,enforcement20230216a
2023-02-22,fed,monetary,monetary20230222a
2023-02-23,fed,bcreg,bcreg20230223a
2023-02-23,fed,orders,orders20230223a
2023-02-24,fed,bcreg,bcreg20230224a
2023-02-24,fed,other,other20230224a
2023-02-28,fed,monetary,monetary20230228a
2023-03-02,fed,enforcement,enforcement20230302a
2023-03-09,fed,enforcement,enforcement20230309a
2023-03-09,fed,other,other20230309a
2023-03-12,fed,monetary,monetary20230312a
2023-03-12,fed,monetary,monetary20230312b
2023-03-13,fed,bcreg,bcreg20230313a
2023-03-15,fed,other,other20230315a
2023-03-19,fed,monetary,monetary20230319a
2023-03-19,fed,other,other20230319a
2023-03-24,fed,orders,orders20230324a
2023-03-24,fed,other,other20230324a
2023-03-30,fed,enforcement,enforcement20230330a
2023-04-10,fed,other,other20230410a
2023-04-12,fed,monetary,monetary20230412a
2023-04-14,fed,orders,orders20230414a
2023-04-18,fed,monetary,monetary20230418a
2023-04-21,fed,other,other20230421a
2023-04-25,fed,bcreg,bcreg20230425a
2023-04-25,fed,enforcement,enforcement20230425a
2023-04-28,fed,bcreg,bcreg20230428a
2023-05-04,fed,enforcement,enforcement20230504a
2023-05-11,fed,enforcement,enforcement20230511a
2023-05-19,fed,bcreg,bcreg20230519a
2023-05-19,fed,enforcement,enforcement20230519a
2023-05-22,fed,other,other20230522a
2023-05-23,fed,enforcement,enforcement20230523a
2023-05-24,fed,monetary,monetary20230524a
2023-05-30,fed,monetary,monetary20230530a
2023-06-01,fed,bcreg,bcreg20230601a
2023-06-01,fed,enforcement,enforcement20230601a
2023-06-06,fed,bcreg,bcreg20230606a
2023-06-08,fed,bcreg,bcreg20230608a
2023-06-14,fed,bcreg,bcreg20230614a
2023-06-15,fed,enforcement,enforcement20230615a
2023-06-16,fed,other,other20230616a
2023-06-23,fed,bcreg,bcreg20230623a
2023-06-23,fed,enforcement,enforcement20230623a
2023-06-23,fed,monetary,monetary20230623a
2023-06-26,fed,orders,orders20230626a
2023-06-27,fed,orders,orders20230627a
2023-06-28,fed,bcreg,bcreg20230628a
2023-06-29,fed,bcreg,bcreg20230629a
2023-06-29,fed,other,other20230629a
2023-06-30,fed,enforcement,enforcement20230630a
2023-07-05,fed,monetary,monetary20230705a
2023-07-06,fed,enforcement,enforcement20230706a
2023-07-11,fed,enforcement,enforcement20230711a
2023-07-11,fed,monetary,monetary20230711a
2023-07-14,fed,other,other20230714a
2023-07-19,fed,enforcement,enforcement20230719a
2023-07-20,fed,other,other20230720a
2023-07-24,fed,enforcement,enforcement20230724a
2023-07-27,fed,bcreg,bcreg20230727a
2023-07-27,fed,bcreg,bcreg20230727b
2023-07-28,fed,bcreg,bcreg20230728a
2023-08-01,fed,other,other20230801a
2023-08-07,fed,other,other20230807a
2023-08-08,fed,bcreg,bcreg20230808a
2023-08-16,fed,monetary,monetary20230816a
2023-08-17,fed,enforcement,enforcement20230817a
2023-08-17,fed,other,other20230817a
2023-08-22,fed,enforcement,enforcement20230822a
2023-08-22,fed,monetary,monetary20230822a
2023-08-22,fed,orders,orders20230822a
2023-08-24,fed,enforcement,enforcement20230824a
2023-08-29,fed,bcreg,bcreg20230829a
2023-08-29,fed,bcreg,bcreg20230829b
2023-09-01,fed,other,other20230901a
2023-09-05,fed,enforcement,enforcement20230905a
2023-09-05,fed,orders,orders20230905a
2023-09-13,fed,other,other20230913a
2023-09-13,fed,other,other20230913b
2023-09-13,fed,other,other20230913c
2023-09-20,fed,bcreg,bcreg20230920a
2023-09-28,fed,enforcement,enforcement20230928a
2023-10-02,fed,other,other20231002a
2023-10-05,fed,enforcement,enforcement20231005a
2023-10-06,fed,bcreg,bcreg20231006a
2023-10-06,fed,monetary,monetary20231006a
2023-10-11,fed,monetary,monetary20231011a
2023-10-17,fed,monetary,monetary20231017a
2023-10-19,fed,enforcement,enforcement20231019a
2023-10-20,fed,bcreg,bcreg20231020a
2023-10-20,fed,bcreg,bcreg20231020b
2023-10-24,fed,bcreg,bcreg20231024a
2023-10-24,fed,bcreg,bcreg20231024b
2023-10-25,fed,bcreg,bcreg20231025a
2023-10-26,fed,enforcement,enforcement20231026a
2023-11-13,fed,bcreg,bcreg20231113a
2023-11-13,fed,bcreg,bcreg20231113b
2023-11-15,fed,orders,orders20231115a
2023-11-17,fed,bcreg,bcreg20231117a
2023-11-17,fed,other,other20231117a
2023-11-21,fed,enforcement,enforcement20231121a
2023-11-21,fed,monetary,monetary20231121a
2023-11-21,fed,orders,orders20231121a
2023-11-22,fed,bcreg,bcreg20231122a
2023-11-27,fed,bcreg,bcreg20231127a
2023-11-28,fed,enforcement,enforcement20231128a
2023-11-28,fed,monetary,monetary20231128a
2023-12-15,fed,other,other20231215a
2023-12-15,fed,other,other20231215b
2023-12-19,fed,enforcement,enforcement20231219a
2023-12-20,fed,bcreg,bcreg20231220a
2024-01-03,fed,monetary,monetary20240103a
2024-01-05,fed,other,other20240105a
2024-01-09,fed,monetary,monetary20240109a
2024-01-11,fed,enforcement,enforcement20240111a
2024-01-12,fed,other,other20240112a
2024-01-17,fed,bcreg,bcreg20240117a
2024-01-18,fed,enforcement,enforcement20240118a
2024-01-18,fed,other,other20240118a
2024-01-19,fed,enforcement,enforcement20240119a
2024-01-22,fed,bcreg,bcreg20240122a
2024-01-22,fed,other,other20240122a
2024-01-24,fed,monetary,monetary20240124a
2024-02-06,fed,bcreg,bcreg20240206a
2024-02-06,fed,enforcement,enforcement20240206a
2024-02-06,fed,enforcement,enforcement20240206b
2024-02-13,fed,enforcement,enforcement20240213a
2024-02-15,fed,bcreg,bcreg20240215a
2024-02-16,fed,bcreg,bcreg20240216a
2024-02-21,fed,monetary,monetary20240221a
2024-02-23,fed,orders,orders20240223a
2024-02-27,fed,monetary,monetary20240227a
2024-02-29,fed,enforcement,enforcement20240229a
2024-02-29,fed,other,other20240229a
2024-03-08,fed,bcreg,bcreg20240308a
2024-03-13,fed,other,other20240313a
2024-03-14,fed,enforcement,enforcement20240314a
2024-03-21,fed,bcreg,bcreg20240321a
2024-03-26,fed,other,other20240326a
2024-04-01,fed,other,other20240401a
2024-04-04,fed,enforcement,enforcement20240404a
2024-04-10,fed,monetary,monetary20240410a
2024-04-11,fed,orders,orders20240411a
2024-04-16,fed,monetary,monetary20240416a
2024-04-24,fed,bcreg,bcreg20240424a
2024-05-03,fed,bcreg,bcreg20240503a
2024-05-03,fed,bcreg,bcreg20240503b
2024-05-07,fed,enforcement,enforcement20240507a
2024-05-09,fed,other,other20240509a
2024-05-13,fed,bcreg,bcreg20240513a
2024-05-14,fed,other,other20240514a
2024-05-17,fed,bcreg,bcreg20240517a
2024-05-21,fed,other,other20240521a
2024-05-22,fed,monetary,monetary20240522a
2024-05-28,fed,monetary,monetary20240528a
2024-05-31,fed,bcreg,bcreg20240531a
2024-05-31,fed,other,other20240531a
2024-06-06,fed,bcreg,bcreg20240606a
2024-06-06,fed,orders,orders20240606a
2024-06-14,fed,enforcement,enforcement20240614a
2024-06-21,fed,bcreg,bcreg20240621a
2024-06-21,fed,bcreg,bcreg20240621b
2024-06-25,fed,enforcement,enforcement20240625a
2024-06-26,fed,bcreg,bcreg20240626a
2024-06-26,fed,orders,orders20240626a
2024-06-27,fed,orders,orders20240627a
2024-07-01,fed,enforcement,enforcement20240701a
2024-07-03,fed,monetary,monetary20240703a
2024-07-09,fed,monetary,monetary20240709a
2024-07-10,fed,enforcement,enforcement20240710a
2024-07-12,fed,bcreg,bcreg20240712a
2024-07-17,fed,bcreg,bcreg20240717a
2024-07-18,fed,bcreg,bcreg20240718a
2024-07-19,fed,bcreg,bcreg20240719a
2024-07-19,fed,enforcement,enforcement20240719a
2024-07-19,fed,enforcement,enforcement20240719b
2024-07-22,fed,orders,orders20240722a
2024-07-23,fed,enforcement,enforcement20240723a
2024-07-25,fed,bcreg,bcreg20240725a
2024-07-25,fed,bcreg,bcreg20240725b
2024-07-25,fed,bcreg,bcreg20240725c
2024-07-26,fed,enforcement,enforcement20240726a
2024-07-29,fed,orders,orders20240729a
2024-08-01,fed,orders,orders20240801a
2024-08-02,fed,bcreg,bcreg20240802a
2024-08-05,fed,bcreg,bcreg20240805a
2024-08-05,fed,other,other20240805a
2024-08-08,fed,enforcement,enforcement20240808a
2024-08-09,fed,monetary,monetary20240809a
2024-08-15,fed,enforcement,enforcement20240815a
2024-08-21,fed,monetary,monetary20240821a
2024-08-26,fed,orders,orders20240826a
2024-08-27,fed,monetary,monetary20240827a
2024-08-28,fed,bcreg,bcreg20240828a
2024-09-04,fed,enforcement,enforcement20240904a
2024-09-05,fed,bcreg,bcreg20240905a
2024-09-11,fed,enforcement,enforcement20240911a
2024-09-13,fed,bcreg,bcreg20240913a
2024-09-19,fed,enforcement,enforcement20240919a
2024-09-20,fed,other,other20240920a
2024-10-01,fed,enforcement,enforcement20241001a
2024-10-02,fed,other,other20241002a
2024-10-03,fed,enforcement,enforcement20241003a
2024-10-04,fed,bcreg,bcreg20241004a
2024-10-04,fed,bcreg,bcreg20241004b
2024-10-09,fed,monetary,monetary20241009a
2024-10-10,fed,enforcement,enforcement20241010a
2024-10-15,fed,monetary,monetary20241015a
2024-10-15,fed,other,other20241015a
2024-10-24,fed,enforcement,enforcement20241024a
2024-11-12,fed,enforcement,enforcement20241112a
2024-11-13,fed,bcreg,bcreg20241113a
2024-11-19,fed,enforcement,enforcement20241119a
2024-11-21,fed,enforcement,enforcement20241121a
2024-11-22,fed,monetary,monetary20241122a
2024-11-22,fed,other,other20241122a
2024-11-22,fed,other,other20241122b
2024-11-26,fed,monetary,monetary20241126a
2024-11-29,fed,orders,orders20241129a
2024-12-03,fed,bcreg,bcreg20241203a
2024-12-03,fed,enforcement,enforcement20241203a
2024-12-03,fed,monetary,monetary20241203a
2024-12-04,fed,bcreg,bcreg20241204a
2024-12-06,fed,other,other20241206a
2024-12-09,fed,bcreg,bcreg20241209a
2024-12-12,fed,orders,orders20241212a
2024-12-13,fed,orders,orders20241213a
2024-12-19,fed,bcreg,bcreg20241219a
2024-12-19,fed,enforcement,enforcement20241219a
2024-12-19,fed,other,other20241219a
2024-12-23,fed,bcreg,bcreg20241223a
2025-01-06,fed,other,other20250106a
2025-01-08,fed,monetary,monetary20250108a
2025-01-10,fed,orders,orders20250110a
2025-01-13,fed,other,other20250113a
2025-01-14,fed,monetary,monetary20250114a
2025-01-14,fed,other,other20250114a
2025-01-16,fed,orders,orders20250116a
2025-01-17,fed,bcreg,bcreg20250117a
2025-01-23,fed,enforcement,enforcement20250123a
2025-01-31,fed,bcreg,bcreg20250131a
2025-02-04,fed,enforcement,enforcement20250204a
2025-02-05,fed,bcreg,bcreg20250205a
2025-02-12,fed,orders,orders20250212a
2025-02-12,fed,orders,orders20250212b
2025-02-12,fed,orders,orders20250212c
2025-02-19,fed,monetary,monetary20250219a
2025-02-25,fed,monetary,monetary20250225a
2025-02-28,fed,other,other20250228a
2025-03-10,fed,bcreg,bcreg20250310a
2025-03-13,fed,enforcement,enforcement20250313a
2025-03-14,fed,orders,orders20250314a
2025-03-14,fed,orders,orders20250314b
2025-03-17,fed,other,other20250317a
2025-03-20,fed,enforcement,enforcement20250320a
2025-03-21,fed,orders,orders20250321a
2025-03-21,fed,other,other20250321a
2025-03-28,fed,bcreg,bcreg20250328a
2025-04-01,fed,enforcement,enforcement20250401a
2025-04-08,fed,enforcement,enforcement20250408a
2025-04-09,fed,monetary,monetary20250409a
2025-04-15,fed,bcreg,bcreg20250415a
2025-04-15,fed,monetary,monetary20250415a
2025-04-16,fed,orders,orders20250416a
2025-04-17,fed,bcreg,bcreg20250417a
2025-04-18,fed,orders,orders20250418a
2025-04-24,fed,bcreg,bcreg20250424a
2025-05-12,fed,bcreg,bcreg20250512a
2025-05-13,fed,enforcement,enforcement20250513a
2025-05-28,fed,monetary,monetary20250528a
2025-05-28,fed,other,other20250528a
2025-05-29,fed,other,other20250529a
2025-05-30,fed,other,other20250530a
2025-06-02,fed,orders,orders20250602a
2025-06-03,fed,enforcement,enforcement20250603a
2025-06-03,fed,monetary,monetary20250603a
2025-06-05,fed,enforcement,enforcement20250605a
2025-06-05,fed,orders,orders20250605a
2025-06-06,fed,other,other20250606a
2025-06-06,fed,other,other20250606b
2025-06-09,fed,other,other20250609a
2025-06-12,fed,enforcement,enforcement20250612a
2025-06-13,fed,bcreg,bcreg20250613a
2025-06-16,fed,bcreg,bcreg20250616a
2025-06-20,fed,enforcement,enforcement20250620a
2025-06-23,fed,bcreg,bcreg20250623a
2025-06-25,fed,bcreg,bcreg20250625a
2025-06-26,fed,orders,orders20250626a
2025-06-26,fed,other,other20250626a
2025-06-27,fed,bcreg,bcreg20250627a
2025-06-27,fed,bcreg,bcreg20250627b
2025-07-03,fed,enforcement,enforcement20250703a
2025-07-09,fed,monetary,monetary20250709a
2025-07-10,fed,bcreg,bcreg20250710a
2025-07-14,fed,bcreg,bcreg20250714a
2025-07-15,fed,enforcement,enforcement20250715a
2025-07-15,fed,monetary,monetary20250715a
2025-07-16,fed,bcreg,bcreg20250716a
2025-07-21,fed,bcreg,bcreg20250721a
2025-07-31,fed,bcreg,bcreg20250731a
2025-08-01,fed,other,other20250801a
2025-08-05,fed,bcreg,bcreg20250805a
2025-08-07,fed,other,other20250807a
2025-08-12,fed,enforcement,enforcement20250812a
2025-08-15,fed,bcreg,bcreg20250815a
2025-08-19,fed,enforcement,enforcement20250819a
2025-08-20,fed,monetary,monetary20250820a
2025-08-22,fed,monetary,monetary20250822a
2025-08-26,fed,monetary,monetary20250826a
2025-08-29,fed,bcreg,bcreg20250829a
2025-09-03,fed,other,other20250903a
2025-09-04,fed,enforcement,enforcement20250904a
2025-09-05,fed,monetary,monetary20250905a
2025-09-09,fed,bcreg,bcreg20250909a
2025-09-09,fed,enforcement,enforcement20250909a
2025-09-16,fed,other,other20250916a
2025-09-18,fed,enforcement,enforcement20250918a
2025-09-19,fed,other,other20250919a
2025-09-25,fed,enforcement,enforcement20250925a
2025-09-30,fed,bcreg,bcreg20250930a
2025-10-01,fed,bcreg,bcreg20251001a
2025-10-03,fed,orders,orders20251003a
2025-10-03,fed,orders,orders20251003b
2025-10-08,fed,monetary,monetary20251008a
2025-10-09,fed,other,other20251009a
2025-10-14,fed,monetary,monetary20251014a
2025-10-16,fed,bcreg,bcreg20251016a
2025-10-16,fed,orders,orders20251016a
2025-10-17,fed,orders,orders20251017a
2025-10-23,fed,bcreg,bcreg20251023a
2025-10-24,fed,bcreg,bcreg20251024a
2025-10-30,fed,enforcement,enforcement20251030a
2025-10-31,fed,orders,orders20251031a
2025-11-04,fed,enforcement,enforcement20251104a
2025-11-05,fed,bcreg,bcreg20251105a
2025-11-06,fed,enforcement,enforcement20251106a
2025-11-12,fed,orders,orders20251112a
2025-11-13,fed,enforcement,enforcement20251113a
2025-11-18,fed,bcreg,bcreg20251118a
2025-11-19,fed,monetary,monetary20251119a
2025-11-21,fed,bcreg,bcreg20251121a
2025-11-21,fed,other,other20251121a
2025-11-21,fed,other,other20251121b
2025-11-25,fed,bcreg,bcreg20251125a
2025-11-25,fed,bcreg,bcreg20251125b
2025-11-25,fed,enforcement,enforcement20251125a
2025-11-25,fed,monetary,monetary20251125a
2025-11-25,fed,orders,orders20251125a
2025-12-03,fed,enforcement,enforcement20251203a
2025-12-04,fed,other,other20251204a
2025-12-04,fed,other,other20251204b
2025-12-05,fed,enforcement,enforcement20251205a
2025-12-11,fed,enforcement,enforcement20251211a
2025-12-11,fed,orders,orders20251211a
2025-12-11,fed,orders,orders20251211b
2025-12-11,fed,other,other20251211a
2025-12-15,fed,bcreg,bcreg20251215a
2025-12-15,fed,bcreg,bcreg20251215b
2025-12-16,fed,enforcement,enforcement20251216a
2025-12-17,fed,bcreg,bcreg20251217a
2025-12-18,fed,bcreg,bcreg20251218a
2025-12-19,fed,bcreg,bcreg20251219a
2025-12-19,fed,bcreg,bcreg20251219b
2025-12-23,fed,orders,orders20251223a
2025-12-30,fed,bcreg,bcreg20251230a
2025-12-30,fed,monetary,monetary20251230a
2026-01-06,fed,enforcement,enforcement20260106a
2026-01-06,fed,monetary,monetary20260106a
2026-01-08,fed,orders,orders20260108a
2026-01-09,fed,other,other20260109a
2026-01-12,fed,bcreg,bcreg20260112a
2026-01-13,fed,orders,orders20260113a
2026-01-15,fed,enforcement,enforcement20260115a
2026-01-16,fed,orders,orders20260116a
2026-01-29,fed,other,other20260129a
2026-01-30,fed,orders,orders20260130a
2026-02-04,fed,bcreg,bcreg20260204a
2026-02-12,fed,enforcement,enforcement20260212a
2026-02-12,fed,orders,orders20260212a
2026-02-18,fed,monetary,monetary20260218a
2026-02-19,fed,orders,orders20260219a
2026-02-19,fed,other,other20260219a
2026-02-23,fed,bcreg,bcreg20260223a
2026-02-24,fed,enforcement,enforcement20260224a
2026-02-24,fed,monetary,monetary20260224a
2026-03-03,fed,enforcement,enforcement20260303a
2026-03-05,fed,bcreg,bcreg20260305a
2026-03-05,fed,enforcement,enforcement20260305a
2026-03-09,fed,orders,orders20260309a
2026-03-10,fed,enforcement,enforcement20260310a
2026-03-11,fed,orders,orders20260311a
2026-03-11,fed,orders,orders20260311b
2026-03-12,fed,orders,orders20260312a
2026-03-13,fed,enforcement,enforcement20260313a
2026-03-19,fed,bcreg,bcreg20260319a
2026-03-20,fed,enforcement,enforcement20260320a
2026-03-25,fed,other,other20260325a
2026-03-26,fed,orders,orders20260326a
2026-04-03,fed,enforcement,enforcement20260403a
2026-04-08,fed,monetary,monetary20260408a
2026-04-08,fed,other,other20260408a
2026-04-09,fed,enforcement,enforcement20260409a
2026-04-10,fed,orders,orders20260410a
2026-04-14,fed,monetary,monetary20260414a
2026-04-16,fed,enforcement,enforcement20260416a
2026-04-22,fed,enforcement,enforcement20260422a
2026-04-23,fed,bcreg,bcreg20260423a
2026-04-24,fed,orders,orders20260424a
2026-04-24,fed,orders,orders20260424b
2026-05-01,fed,bcreg,bcreg20260501a
2026-05-08,fed,orders,orders20260508a
2026-05-12,fed,enforcement,enforcement20260512a
2026-05-13,fed,other,other20260513a
2026-05-14,fed,other,other20260514a
2026-05-14,fed,other,other20260514b
2026-05-15,fed,enforcement,enforcement20260515a
2026-05-15,fed,orders,orders20260515a
2026-05-15,fed,orders,orders20260515b
2026-05-15,fed,other,other20260515a
2026-05-20,fed,monetary,monetary20260520a
2026-05-20,fed,other,other20260520a
2026-05-21,fed,enforcement,enforcement20260521a
2026-05-22,fed,bcreg,bcreg20260522a
2026-05-22,fed,other,other20260522a
2026-05-26,fed,monetary,monetary20260526a
2026-05-28,fed,enforcement,enforcement20260528a
2026-06-02,fed,bcreg,bcreg20260602a
2026-06-09,fed,bcreg,bcreg20260609a
2026-06-11,fed,bcreg,bcreg20260611a
2026-06-18,fed,bcreg,bcreg20260618a
2026-06-18,fed,enforcement,enforcement20260618a
2026-06-18,fed,enforcement,enforcement20260618b
2026-06-22,fed,other,other20260622a
2026-06-24,fed,bcreg,bcreg20260624a
2026-06-25,fed,enforcement,enforcement20260625a
2026-06-25,fed,enforcement,enforcement20260625b
2026-06-30,fed,bcreg,bcreg20260630a
2026-07-01,fed,other,other20260701a
2026-07-02,fed,enforcement,enforcement20260702a
2026-07-07,fed,bcreg,bcreg20260707a
2026-07-08,fed,monetary,monetary20260708a
2026-07-09,fed,enforcement,enforcement20260709a
2026-07-09,fed,monetary,monetary20260709a
2026-07-14,fed,monetary,monetary20260714a
2026-07-16,fed,bcreg,bcreg20260716a
2026-07-16,fed,enforcement,enforcement20260716a
2026-07-30,fed,enforcement,enforcement20260730a
2026-07-30,fed,enforcement,enforcement20260730b
2026-07-31,fed,bcreg,bcreg20260731a
2026-07-31,fed,bcreg,bcreg20260731b
2026-08-04,fed,orders,orders20260804a
2026-08-04,fed,orders,orders20260804b
2026-08-04,fed,orders,orders20260804c
2026-08-13,fed,enforcement,enforcement20260813a
2026-08-19,fed,monetary,monetary20260819a
2026-08-20,fed,enforcement,enforcement20260820a
2026-08-20,fed,enforcement,enforcement20260820b
2026-08-20,fed,orders,orders20260820a
