date,p
2020-07-01,0.042723463183816396
2020-07-02,0.019913238591684545
2020-07-03,0.02974195757243665
2020-07-04,0.023089869435858227
2020-07-05,0.03120594800835405
2020-07-06,0.06903696811563313
2020-07-07,0.06550645070542158
2020-07-08,0.03953071514522839
2020-07-09,0.02570753962378695
2020-07-10,0.03235100593746462
2020-07-11,0.0322522973759327
2020-07-12,0.031947013266381614
2020-07-13,0.03100290849830638
2020-07-14,0.02944088059876129
2020-07-15,0.020288421369610003
2020-07-16,0.016665886241479824
2020-07-17,0.02636920766546082
2020-07-18,0.02080977223816333
2020-07-19,0.04360087649685993
2020-07-20,0.04590738315134734
2020-07-21,0.12446662718956152
2020-07-22,0.04695945180986442
2020-07-23,0.06599290169641882
2020-07-24,0.0508252360043052
2020-07-25,0.07301011520125963
2020-07-26,0.10921986780780485
2020-07-27,0.10909673299262504
2020-07-28,0.06798614952166875
2020-07-29,0.08091873479724039
2020-07-30,0.21038318103302803
2020-07-31,0.4517914792727341
2020-08-01,0.45444588347684123
2020-08-02,0.421184509013794
2020-08-03,0.4639167662241734
2020-08-04,0.38398626237534633
2020-08-05,0.4050747100589389
2020-08-06,0.5330574202059358
2020-08-07,0.4187254843233412
2020-08-08,0.44044571087768714
2020-08-09,0.6135254157848691
2020-08-10,0.5156685513081767
2020-08-11,0.45761414691879565
2020-08-12,0.9354224750489519
2020-08-13,0.9583476505249194
2020-08-14,0.9144152868726868
2020-08-15,0.9175771072327543
2020-08-16,0.9111399531381458
2020-08-17,0.9118450598987633
2020-08-18,0.8065991320426392
2020-08-19,0.7234034524508388
2020-08-20,0.9071338777824984
2020-08-21,0.6486363103361621
2020-08-22,0.9056693513039683
2020-08-23,0.900673075138453
2020-08-24,0.880470446460823
2020-08-25,0.6993594673718151
2020-08-26,0.8761923221635579
2020-08-27,0.8404173535094989
2020-08-28,0.7997712162477755
2020-08-29,0.8132681674807912
2020-08-30,0.7380279389349502
2020-08-31,0.7788870491886105
2020-09-01,0.04737534088283039
2020-09-02,0.04063073519574558
2020-09-03,0.10377609922326989
2020-09-04,0.13872618145823995
2020-09-05,0.2167214206179092
2020-09-06,0.11182073996915254
2020-09-07,0.11619980302563863
2020-09-08,0.45452104881751915
2020-09-09,0.20880631743066094
2020-09-10,0.16920121181194098
2020-09-11,0.20039485768746546
2020-09-12,0.36255801001788174
2020-09-13,0.39074576897327873
2020-09-14,0.4361806841569726
2020-09-15,0.2980793178607755
2020-09-16,0.05355305580596554
2020-09-17,0.04917762200337611
2020-09-18,0.044466959645826906
2020-09-19,0.02980919758522423
2020-09-20,0.021754715347564915
2020-09-21,0.03571752164940789
2020-09-22,0.03717866209246547
2020-09-23,0.039303727100255245
2020-09-24,0.09190072339211543
2020-09-25,0.06185744963041483
2020-09-26,0.05568454118912784
2020-09-27,0.09335953124192997
2020-09-28,0.024821218395932734
2020-09-29,0.018161269400562452
2020-09-30,0.014952096002468435
2020-10-01,0.018603087729651257
2020-10-02,0.019490423422335847
2020-10-03,0.01704182641932581
2020-10-04,0.02403863130475899
2020-10-05,0.0304906571531238
2020-10-06,0.05404048947746645
2020-10-07,0.04672931836992707
2020-10-08,0.029966796910428143
2020-10-09,0.05278382575841343
2020-10-10,0.05278382575841343
2020-10-11,0.05466118957008483
2020-10-12,0.048283395846575476
2020-10-13,0.061831610500589086
2020-10-14,0.08145797886789616
2020-10-15,0.11119951352770203
2020-10-16,0.06400959659893632
2020-10-17,0.067725786006549
2020-10-18,0.0630366035561183
2020-10-19,0.06275711855041757
2020-10-20,0.039416043271192865
2020-10-21,0.11739784670419177
2020-10-22,0.11541207438551161
2020-10-23,0.20652677358216248
2020-10-24,0.08282479216255544
2020-10-25,0.06849708211016368
2020-10-26,0.08566275398201684
2020-10-27,0.13999929877780154
2020-10-28,0.3739728668463664
2020-10-29,0.20344581372209916
2020-10-30,0.3442819188691282
2020-10-31,0.36654050252024895
2020-11-01,0.17676400139725815
2020-11-02,0.1987670468373707
2020-11-03,0.17338751321864196
2020-11-04,0.028518935502059146
2020-11-05,0.27402665689632844
2020-11-06,0.24485049814527007
2020-11-07,0.06086440501506219
2020-11-08,0.08340936158257939
2020-11-09,0.04930915809588876
2020-11-10,0.028808902647650337
2020-11-11,0.046425046621534995
2020-11-12,0.10568870001461575
2020-11-13,0.06349669901301631
2020-11-14,0.027088762444043575
2020-11-15,0.05733267404842104
2020-11-16,0.022642532790355063
2020-11-17,0.06264704388376306
2020-11-18,0.0202795910524679
2020-11-19,0.09855984552071363
2020-11-20,0.17294814225396996
2020-11-21,0.14898652456419786
2020-11-22,0.061734770515839824
2020-11-23,0.0704986313203785
2020-11-24,0.20073729366672666
2020-11-25,0.23969860147947752
2020-11-26,0.18745825678199682
2020-11-27,0.38612378748182263
2020-11-28,0.3095660011178873
2020-11-29,0.09804047852341607
2020-11-30,0.27756679253499156
2020-12-01,0.2708871342869198
2020-12-02,0.2636993712554851
2020-12-03,0.2528357782257012
2020-12-04,0.12743141642335234
2020-12-05,0.11679893877916249
2020-12-06,0.17681482373650373
2020-12-07,0.12039774961452275
2020-12-08,0.12056255913991058
2020-12-09,0.026691611655684008
2020-12-10,0.02805908731562046
2020-12-11,0.027262259768218784
2020-12-12,0.046391151785084725
2020-12-13,0.03553917272253853
2020-12-14,0.02979189166492694
2020-12-15,0.016072708741380254
2020-12-16,0.03659112694691989
2020-12-17,0.0450812243089966
2020-12-18,0.11166004706543628
2020-12-19,0.10500116528040714
2020-12-20,0.09498426219075788
2020-12-21,0.03942583261536242
2020-12-22,0.04646025115325109
2020-12-23,0.023913911653012564
2020-12-24,0.0247750091791383
2020-12-25,0.03336868282923229
2020-12-26,0.09826280984179614
2020-12-27,0.044020150083875664
2020-12-28,0.04235950813245483
2020-12-29,0.04794207489296707
2020-12-30,0.04945241343451776
2020-12-31,0.031958789057926366
2021-01-01,0.2653546160719084
2021-01-02,0.7933940181662432
2021-01-03,0.8513795650290389
2021-01-04,0.7065874104955319
2021-01-05,0.42988914847108434
2021-01-06,0.8892260529594779
2021-01-07,0.9180076179193617
2021-01-08,0.9204705673345601
2021-01-09,0.9300393515828553
2021-01-10,0.8175989157664233
2021-01-11,0.44832786771736954
2021-01-12,0.44547660543105777
2021-01-13,0.5862174744636993
2021-01-14,0.6844693398288427
2021-01-15,0.5309279197126976
2021-01-16,0.6359878580330627
2021-01-17,0.5336266250433725
2021-01-18,0.5723985642429188
2021-01-19,0.8609858782308734
2021-01-20,0.8346484609592912
2021-01-21,0.5800745196430084
2021-01-22,0.534580133935193
2021-01-23,0.774827489394878
2021-01-24,0.7635114291692192
2021-01-25,0.7682241141983546
2021-01-26,0.8216717596837848
2021-01-27,0.8533289235578339
2021-01-28,0.787425588097358
2021-01-29,0.809937533530793
2021-01-30,0.814894546041379
2021-01-31,0.754823526043285
2021-02-01,0.7414084066952538
2021-02-02,0.6973188984801186
2021-02-03,0.6761336873714707
2021-02-04,0.5910312320303607
2021-02-05,0.5678416615334508
2021-02-06,0.21332318027459996
2021-02-07,0.25832701248534895
2021-02-08,0.6940921429725174
2021-02-09,0.837068592944848
2021-02-10,0.5939797519151513
2021-02-11,0.6634794432701207
2021-02-12,0.8401256364802149
2021-02-13,0.4955431719976155
2021-02-14,0.6936198801606032
2021-02-15,0.7307569891321638
2021-02-16,0.24302266295628938
2021-02-17,0.29524309361644185
2021-02-18,0.3693671175273043
2021-02-19,0.5999273359557075
2021-02-20,0.5624263585101626
2021-02-21,0.5492439949213436
2021-02-22,0.5401420575689635
2021-02-23,0.39090963988183464
2021-02-24,0.4420972353894222
2021-02-25,0.5183866363632075
2021-02-26,0.41815604312546495
2021-02-27,0.4223729268802783
2021-02-28,0.24996349297662154
2021-03-01,0.36776549941807296
2021-03-02,0.2960404956608605
2021-03-03,0.36181973652438515
2021-03-04,0.3433638229764727
2021-03-05,0.3651025367238588
2021-03-06,0.4588115647858991
2021-03-07,0.5177742573701017
2021-03-08,0.35349674781720936
2021-03-09,0.500808967145371
2021-03-10,0.12753594831657955
2021-03-11,0.1508829984004536
2021-03-12,0.26986067599526
2021-03-13,0.2070649908283727
2021-03-14,0.26568604747800334
2021-03-15,0.3500503409483932
2021-03-16,0.4493128551440633
2021-03-17,0.42849367821432854
2021-03-18,0.4367740789506672
2021-03-19,0.48533839039886906
2021-03-20,0.38896118567514226
2021-03-21,0.36531025862250643
2021-03-22,0.6894911374401673
2021-03-23,0.5658182561655305
2021-03-24,0.30170834603048796
2021-03-25,0.6377538679462121
2021-03-26,0.8040340969867222
2021-03-27,0.758135403504948
2021-03-28,0.7794931865104603
2021-03-29,0.2892062854301574
2021-03-30,0.5329791092808327
2021-03-31,0.7270315996054636
2021-04-01,0.5858624224955015
2021-04-02,0.5534539068866524
2021-04-03,0.7379759457875615
2021-04-04,0.8114530524438965
2021-04-05,0.8473690373077264
2021-04-06,0.6249666382247049
2021-04-07,0.8256901136004144
2021-04-08,0.8682500056835656
2021-04-09,0.8472937300971783
2021-04-10,0.8323285657259554
2021-04-11,0.8489084617834924
2021-04-12,0.663585278939285
2021-04-13,0.5035768390915664
2021-04-14,0.512062279800904
2021-04-15,0.4608058049575181
2021-04-16,0.3492170944317465
2021-04-17,0.4684785321970152
2021-04-18,0.3623048779465755
2021-04-19,0.7147106285193258
2021-04-20,0.43601568499537013
2021-04-21,0.39885318461254526
2021-04-22,0.42591189629432696
2021-04-23,0.24308962228394937
2021-04-24,0.21172846762881176
2021-04-25,0.2742242271633903
2021-04-26,0.39628576484793543
2021-04-27,0.4885306670713777
2021-04-28,0.46409497301073394
2021-04-29,0.48839286063653614
2021-04-30,0.47641396981910356
2021-05-01,0.09917549098658063
2021-05-02,0.08354165692278892
2021-05-03,0.10758920257836549
2021-05-04,0.07207028974063215
2021-05-05,0.06124908575534036
2021-05-06,0.06205287658567163
2021-05-07,0.3763485268140494
2021-05-08,0.510785995683549
2021-05-09,0.42113776504447376
2021-05-10,0.08664185656249797
2021-05-11,0.3612047526945073
2021-05-12,0.08813771328151597
2021-05-13,0.06463697087782713
2021-05-14,0.0596264895218181
2021-05-15,0.11530565504159657
2021-05-16,0.14916957624624258
2021-05-17,0.36652149111927484
2021-05-18,0.47713013522838715
2021-05-19,0.12647156593085032
2021-05-20,0.6945942268058868
2021-05-21,0.3375646016620332
2021-05-22,0.30703055064421925
2021-05-23,0.31928684324466244
2021-05-24,0.6545047932542598
2021-05-25,0.5360352309576465
2021-05-26,0.8576441924393724
2021-05-27,0.5630876069461926
2021-05-28,0.4564305543180595
2021-05-29,0.40127948129381863
2021-05-30,0.5291695502289345
2021-05-31,0.7357070812900856
2021-06-01,0.9696350600148266
2021-06-02,0.9589447637397915
2021-06-03,0.9346817291935927
2021-06-04,0.9844498154260165
2021-06-05,0.9919507849199081
2021-06-06,0.9893158723518148
2021-06-07,0.9385735511234319
2021-06-08,0.9360795364768223
2021-06-09,0.8760430655976066
2021-06-10,0.7537903104767832
2021-06-11,0.7068161548705362
2021-06-12,0.6971643687344747
2021-06-13,0.724884290627038
2021-06-14,0.7992277039959002
2021-06-15,0.6402367609543684
2021-06-16,0.2873098686365658
2021-06-17,0.28355556171073293
2021-06-18,0.12658226189721344
2021-06-19,0.13218275568887763
2021-06-20,0.202009277899933
2021-06-21,0.2798478851389617
2021-06-22,0.47993553526510463
2021-06-23,0.8666119772505443
2021-06-24,0.7415207159933712
2021-06-25,0.6570168008296904
2021-06-26,0.5826012742640209
2021-06-27,0.7237789477709681
2021-06-28,0.7143640976884258
2021-06-29,0.6265926463875908
2021-06-30,0.7750968827748298
2021-07-01,0.9340055425937628
2021-07-02,0.9434164350323518
2021-07-03,0.9269288260785273
2021-07-04,0.8974708068241066
2021-07-05,0.8936315748495574
2021-07-06,0.8967557437998618
2021-07-07,0.8797726489585552
2021-07-08,0.5445673352359506
2021-07-09,0.8573467141177596
2021-07-10,0.8291341337343554
2021-07-11,0.8575430610341293
2021-07-12,0.760979354669956
2021-07-13,0.19525352427029996
2021-07-14,0.8123944874677194
2021-07-15,0.522044349539384
2021-07-16,0.15484089888277075
2021-07-17,0.45572373289820595
2021-07-18,0.24001387473888722
2021-07-19,0.1465004006161704
2021-07-20,0.1037998462980853
2021-07-21,0.588548790126565
2021-07-22,0.7366126863189841
2021-07-23,0.6390476912611587
2021-07-24,0.6969020859653469
2021-07-25,0.63576495341059
2021-07-26,0.2469466971149335
2021-07-27,0.3136189716947511
2021-07-28,0.30093936230821494
2021-07-29,0.42688356915871806
2021-07-30,0.2938018803867617
2021-07-31,0.7748717789721828
2021-08-01,0.7936768175936939
2021-08-02,0.5863470803062751
2021-08-03,0.6747174889695794
2021-08-04,0.8157219637884467
2021-08-05,0.8665780536720402
2021-08-06,0.8224961645473834
2021-08-07,0.8349461426025675
2021-08-08,0.7602210335868084
2021-08-09,0.8441382085102804
2021-08-10,0.6273286202598864
2021-08-11,0.7133977122007384
2021-08-12,0.6378326402401949
2021-08-13,0.7178914341733356
2021-08-14,0.6563470333276404
2021-08-15,0.6692508242643063
2021-08-16,0.8235085650345491
2021-08-17,0.3900586944734048
2021-08-18,0.7625417776480092
2021-08-19,0.8179841068697554
2021-08-20,0.6953705472803577
2021-08-21,0.594449886231748
2021-08-22,0.6130082433529296
2021-08-23,0.5633351863298014
2021-08-24,0.6219718425346309
2021-08-25,0.749331766838464
2021-08-26,0.6779088890028933
2021-08-27,0.8987388862747457
2021-08-28,0.8559633748245432
2021-08-29,0.8249475024687308
2021-08-30,0.597529716120319
2021-08-31,0.8265178061282831
2021-09-01,0.517872122257139
2021-09-02,0.5177230582119392
2021-09-03,0.29253322172205115
2021-09-04,0.31117993553760537
2021-09-05,0.5037525024910735
2021-09-06,0.43562891358052863
2021-09-07,0.4175346361551046
2021-09-08,0.4948098663648131
2021-09-09,0.5950091884925754
2021-09-10,0.6958500811898687
2021-09-11,0.6525510275924387
2021-09-12,0.57131748677168
2021-09-13,0.7651933440544486
2021-09-14,0.540890155564763
2021-09-15,0.47150183906443377
2021-09-16,0.49303117444381267
2021-09-17,0.380055138940484
2021-09-18,0.25740834760820314
2021-09-19,0.23298161095310396
2021-09-20,0.6016745232333977
2021-09-21,0.5618530693781698
2021-09-22,0.5897821571329868
2021-09-23,0.48171657574643706
2021-09-24,0.4423246862232391
2021-09-25,0.45234169764946686
2021-09-26,0.48369592785404786
2021-09-27,0.5844943922958965
2021-09-28,0.4983962899951379
2021-09-29,0.29204254157121584
2021-09-30,0.40115968992667916
2021-10-01,0.16297210420698152
2021-10-02,0.06991198798535261
2021-10-03,0.07484409211356294
2021-10-04,0.22405501678241513
2021-10-05,0.180877562525631
2021-10-06,0.16403150678054465
2021-10-07,0.17364617639586943
2021-10-08,0.15574029829697653
2021-10-09,0.1290324842207853
2021-10-10,0.1447035218196505
2021-10-11,0.22612973142104578
2021-10-12,0.1868107288062303
2021-10-13,0.12396478108570182
2021-10-14,0.2986465096836749
2021-10-15,0.39558555441138027
2021-10-16,0.35605871575241516
2021-10-17,0.3272042635028467
2021-10-18,0.44577024726519804
2021-10-19,0.3782106240286506
2021-10-20,0.4437511243431737
2021-10-21,0.428982129812037
2021-10-22,0.24694705647458043
2021-10-23,0.3922893803067549
2021-10-24,0.46325419331220846
2021-10-25,0.33320646618349414
2021-10-26,0.5230781056059899
2021-10-27,0.4406698875323627
2021-10-28,0.714350895257163
2021-10-29,0.7254022986327223
2021-10-30,0.48838314472320304
2021-10-31,0.3894807358504624
2021-11-01,0.5715834498539294
2021-11-02,0.6781124910365632
2021-11-03,0.6210174708722256
2021-11-04,0.3248205043511329
2021-11-05,0.5429311963225987
2021-11-06,0.5170312661607666
2021-11-07,0.6375434579475618
2021-11-08,0.6603442367523753
2021-11-09,0.6456562517690532
2021-11-10,0.25547999544600175
2021-11-11,0.16292210269035964
2021-11-12,0.27312068147941676
2021-11-13,0.29506574497783755
2021-11-14,0.4078203993250277
2021-11-15,0.4539092726560422
2021-11-16,0.6061644074959981
2021-11-17,0.2446469934472731
2021-11-18,0.4355950320078493
2021-11-19,0.2552628179722651
2021-11-20,0.5815910664460406
2021-11-21,0.6280088665146466
2021-11-22,0.28028744863009786
2021-11-23,0.7348793404352916
2021-11-24,0.5747036522512122
2021-11-25,0.4937847215946351
2021-11-26,0.7450238959365105
2021-11-27,0.8372098177017243
2021-11-28,0.8732326997340543
2021-11-29,0.769234014657378
2021-11-30,0.9210078284191824
2021-12-01,0.8943175820371745
2021-12-02,0.8639859837087548
2021-12-03,0.8075507191403672
2021-12-04,0.8664147402460323
2021-12-05,0.8813046839486466
2021-12-06,0.9045679360915256
2021-12-07,0.9296497275842461
2021-12-08,0.9537436114946004
2021-12-09,0.8047275376071908
2021-12-10,0.8678749665412927
2021-12-11,0.9523688684340507
2021-12-12,0.9556503526501673
2021-12-13,0.8708809797263117
2021-12-14,0.923978481844259
2021-12-15,0.9517648979003817
2021-12-16,0.9106839046057095
2021-12-17,0.9002862354423865
2021-12-18,0.8343980061689898
2021-12-19,0.8637665042129703
2021-12-20,0.9103263363777813
2021-12-21,0.8358960611146848
2021-12-22,0.7897113454259406
2021-12-23,0.6575712576071627
2021-12-24,0.5751026047536425
2021-12-25,0.558158237080565
2021-12-26,0.639118940119264
2021-12-27,0.648864179357509
2021-12-28,0.4778314465367754
2021-12-29,0.6448959721768842
2021-12-30,0.6212601095795484
2021-12-31,0.771172964637428
2022-01-01,0.7966722905922924
2022-01-02,0.8187674421625645
2022-01-03,0.7722808287404169
2022-01-04,0.7167983487857786
2022-01-05,0.3534376882228362
2022-01-06,0.45838015332781185
2022-01-07,0.5342830409819109
2022-01-08,0.6508045675503658
2022-01-09,0.6466779013136005
2022-01-10,0.6448350763463301
2022-01-11,0.897099084218344
2022-01-12,0.8950162342948288
2022-01-13,0.880991648562639
2022-01-14,0.7311997865420062
2022-01-15,0.8692100658660666
2022-01-16,0.8584519645029908
2022-01-17,0.8364674816315429
2022-01-18,0.7838261623606837
2022-01-19,0.6396328128376958
2022-01-20,0.5813374733055848
2022-01-21,0.4537449694003544
2022-01-22,0.23327530394268536
2022-01-23,0.3314120489559795
2022-01-24,0.25608689521763645
2022-01-25,0.18173034457483705
2022-01-26,0.18606591509326592
2022-01-27,0.16165094671563873
2022-01-28,0.1977436823859911
2022-01-29,0.18593762398207656
2022-01-30,0.3178743554378623
2022-01-31,0.22324300794948324
2022-02-01,0.7047524156601478
2022-02-02,0.8813398493293436
2022-02-03,0.8850743609282541
2022-02-04,0.8842129035220411
2022-02-05,0.8238301832536185
2022-02-06,0.8204068055189424
2022-02-07,0.8738360550152116
2022-02-08,0.44827256656954434
2022-02-09,0.6767002678115202
2022-02-10,0.32068275919022876
2022-02-11,0.12251964920926282
2022-02-12,0.1344710954241599
2022-02-13,0.15511232585884144
2022-02-14,0.24266059565209386
2022-02-15,0.6420875478988042
2022-02-16,0.5609042147794578
2022-02-17,0.6463474237679647
2022-02-18,0.39682334298132976
2022-02-19,0.4009912909484792
2022-02-20,0.3558727307621648
2022-02-21,0.30179620651657374
2022-02-22,0.7492716655473897
2022-02-23,0.28638361616756713
2022-02-24,0.3033087700035817
2022-02-25,0.42563135355935994
2022-02-26,0.42720525683504906
2022-02-27,0.2522139106216507
2022-02-28,0.2809277209732359
2022-03-01,0.46519253067098015
2022-03-02,0.4092542120384703
2022-03-03,0.4596114573183295
2022-03-04,0.464398439674258
2022-03-05,0.5445465650150324
2022-03-06,0.5364949989253015
2022-03-07,0.38811354594271563
2022-03-08,0.14307205374138182
2022-03-09,0.4115016066380372
2022-03-10,0.41634401290053275
2022-03-11,0.16599191445492004
2022-03-12,0.17993237996167494
2022-03-13,0.17874565620624286
2022-03-14,0.23726310447610652
2022-03-15,0.1749009003738351
2022-03-16,0.37071297466514946
2022-03-17,0.384342528736601
2022-03-18,0.590521563150572
2022-03-19,0.4317480434430735
2022-03-20,0.4565791190047791
2022-03-21,0.6394571118770881
2022-03-22,0.550962727459039
2022-03-23,0.606291508889717
2022-03-24,0.5462248312227371
2022-03-25,0.4183587333824887
2022-03-26,0.4422348762817871
2022-03-27,0.5531285449988248
2022-03-28,0.541816964803812
2022-03-29,0.5954637771372029
2022-03-30,0.5693232556568822
2022-03-31,0.41108919894760343
2022-04-01,0.630415449442452
2022-04-02,0.657749251570216
2022-04-03,0.7468991895563604
2022-04-04,0.730233959566483
2022-04-05,0.5594350777329131
2022-04-06,0.6110227415842284
2022-04-07,0.4386794203881787
2022-04-08,0.4834828470157024
2022-04-09,0.4079568300742023
2022-04-10,0.46942975003109905
2022-04-11,0.666161816915027
2022-04-12,0.4213533315845447
2022-04-13,0.5200798654445165
2022-04-14,0.4951098672466986
2022-04-15,0.349902354969546
2022-04-16,0.529768599568322
2022-04-17,0.5446634755796503
2022-04-18,0.43305590182106607
2022-04-19,0.4595475417672427
2022-04-20,0.5433322736001405
2022-04-21,0.42290690794196084
2022-04-22,0.8683116904583347
2022-04-23,0.8310307609953929
2022-04-24,0.773942248663014
2022-04-25,0.835300642017183
2022-04-26,0.722526340561314
2022-04-27,0.5216797933016816
2022-04-28,0.6238852525148263
2022-04-29,0.5448011665432889
2022-04-30,0.46763369336595645
2022-05-01,0.46673549135104003
2022-05-02,0.568729375821951
2022-05-03,0.5785255763840117
2022-05-04,0.2039563271774862
2022-05-05,0.709933274170119
2022-05-06,0.656572010713121
2022-05-07,0.5337885009000006
2022-05-08,0.6915043381279503
2022-05-09,0.5441083129408143
2022-05-10,0.913677910387248
2022-05-11,0.43307040421527093
2022-05-12,0.08268822169821277
2022-05-13,0.10287737331497687
2022-05-14,0.10548743681677139
2022-05-15,0.1696944888839766
2022-05-16,0.11526248902795738
2022-05-17,0.09832264021044432
2022-05-18,0.07645915479947987
2022-05-19,0.2850425660720281
2022-05-20,0.4470725038773449
2022-05-21,0.5071311962524236
2022-05-22,0.5607538993022702
2022-05-23,0.4598846496044007
2022-05-24,0.49068730075449923
2022-05-25,0.34891237248591933
2022-05-26,0.30497468720090143
2022-05-27,0.329567749211935
2022-05-28,0.28909357276727676
2022-05-29,0.23306047555639012
2022-05-30,0.328439526539048
2022-05-31,0.26263684117416003
2022-06-01,0.22786929492626581
2022-06-02,0.2816192559435688
2022-06-03,0.17714441553998472
2022-06-04,0.19500412117065172
2022-06-05,0.1552241576037052
2022-06-06,0.1358033646221711
2022-06-07,0.21038715029671812
2022-06-08,0.28192692398413133
2022-06-09,0.30934428684005993
2022-06-10,0.5761498923613434
2022-06-11,0.5982471548603332
2022-06-12,0.7095846444835805
2022-06-13,0.27700899322641986
2022-06-14,0.282418441123677
2022-06-15,0.8276868208322342
2022-06-16,0.2629385956111805
2022-06-17,0.26704664460978256
2022-06-18,0.2769764828210064
2022-06-19,0.3035421279640459
2022-06-20,0.27915432663757866
2022-06-21,0.2910066343827426
2022-06-22,0.41326920092237646
2022-06-23,0.3024962679827328
2022-06-24,0.2892983315372501
2022-06-25,0.2850033653747951
2022-06-26,0.370637038841739
2022-06-27,0.6057911970780446
2022-06-28,0.38969015889426056
2022-06-29,0.353197383739291
2022-06-30,0.40018926416019385
2022-07-01,0.5576365303827316
2022-07-02,0.583355345848249
2022-07-03,0.580934102029369
2022-07-04,0.575810322011565
2022-07-05,0.3017171222575945
2022-07-06,0.28217446665129664
2022-07-07,0.5425360097244636
2022-07-08,0.15295118761080911
2022-07-09,0.14883958026895006
2022-07-10,0.10799186302051522
2022-07-11,0.26071618465148677
2022-07-12,0.4357991695606021
2022-07-13,0.2816163056240186
2022-07-14,0.2996125263098424
2022-07-15,0.18689284385607596
2022-07-16,0.21192974911676643
2022-07-17,0.25354080108994637
2022-07-18,0.28573042938085247
2022-07-19,0.20773948312640236
2022-07-20,0.13688472851761402
2022-07-21,0.14782785369590407
2022-07-22,0.1585945862589578
2022-07-23,0.1362652028307026
2022-07-24,0.1715628843699172
2022-07-25,0.2724857824266209
2022-07-26,0.18050019355356015
2022-07-27,0.6971461989545791
2022-07-28,0.7753788810415102
2022-07-29,0.7102921140674445
2022-07-30,0.668066247215814
2022-07-31,0.6564107246975747
2022-08-01,0.3941131557260194
2022-08-02,0.33825821833342107
2022-08-03,0.3225958178387245
2022-08-04,0.4265089872438419
2022-08-05,0.7098138047024943
2022-08-06,0.6284921789794427
2022-08-07,0.48226405381775894
2022-08-08,0.5039921804147379
2022-08-09,0.3292496320967644
2022-08-10,0.8292391028981738
2022-08-11,0.7964039197155632
2022-08-12,0.7635684325234215
2022-08-13,0.8106359884168549
2022-08-14,0.7955004064249535
2022-08-15,0.7515021991046302
2022-08-16,0.682873459050765
2022-08-17,0.641797712134465
2022-08-18,0.5907138848737694
2022-08-19,0.7814779769742677
2022-08-20,0.5686000951263191
2022-08-21,0.519211862152264
2022-08-22,0.6280531863989093
2022-08-23,0.7369572424649034
2022-08-24,0.8065844388716159
2022-08-25,0.23644945063650274
2022-08-26,0.6915307135798711
2022-08-27,0.6717084671142579
2022-08-28,0.6146636000846988
2022-08-29,0.79370103936419
2022-08-30,0.7417870477857323
2022-08-31,0.7693616411847256
2022-09-01,0.7355249075040297
2022-09-02,0.7505103419549071
2022-09-03,0.7905954214223672
2022-09-04,0.6818614149049441
2022-09-05,0.6443276754660557
2022-09-06,0.6888198320148678
2022-09-07,0.40360139591031924
2022-09-08,0.45996654572488654
2022-09-09,0.6754104762452394
2022-09-10,0.7618589248665564
2022-09-11,0.7499032464085452
2022-09-12,0.67910294669957
2022-09-13,0.9442546439307631
2022-09-14,0.9480216491974384
2022-09-15,0.8858959545982573
2022-09-16,0.7806270047489612
2022-09-17,0.7487163830484309
2022-09-18,0.297705453671063
2022-09-19,0.3200452993984952
2022-09-20,0.2860834260228338
2022-09-21,0.2892929837852231
2022-09-22,0.31314840343351025
2022-09-23,0.22667696448973776
2022-09-24,0.21090739901275654
2022-09-25,0.19460442929093255
2022-09-26,0.2504971183911035
2022-09-27,0.24860183111734463
2022-09-28,0.36985650919356616
2022-09-29,0.20745268467980804
2022-09-30,0.23613941768864596
2022-10-01,0.23567811962539467
2022-10-02,0.188646680948359
2022-10-03,0.13336668993423093
2022-10-04,0.31822645432966573
2022-10-05,0.24054421044955188
2022-10-06,0.1350271525229465
2022-10-07,0.10704154433382143
2022-10-08,0.14346815561022386
2022-10-09,0.07791711648957456
2022-10-10,0.0941280721089762
2022-10-11,0.110631361522112
2022-10-12,0.1467214223418085
2022-10-13,0.07214439660065276
2022-10-14,0.09268296013533302
2022-10-15,0.06908645109569453
2022-10-16,0.051038167926001736
2022-10-17,0.1167521226775503
2022-10-18,0.11573423303588903
2022-10-19,0.08701465291544194
2022-10-20,0.06589660396798407
2022-10-21,0.07940790684079989
2022-10-22,0.07034464854331875
2022-10-23,0.09848238526547531
2022-10-24,0.09842578355349361
2022-10-25,0.2555103481497881
2022-10-26,0.35714418487957544
2022-10-27,0.36703066514462707
2022-10-28,0.4126029784374977
2022-10-29,0.3944092716921052
2022-10-30,0.44579574262520133
2022-10-31,0.18475693172734176
2022-11-01,0.24637682486377188
2022-11-02,0.3449999830108913
2022-11-03,0.455314974946494
2022-11-04,0.5093617529137773
2022-11-05,0.45823059905627633
2022-11-06,0.38897896967738205
2022-11-07,0.4858328173799137
2022-11-08,0.35804268699718483
2022-11-09,0.20682444892571433
2022-11-10,0.40571497671052403
2022-11-11,0.6497484843326998
2022-11-12,0.6359673053117839
2022-11-13,0.5917642239389274
2022-11-14,0.3663783363411291
2022-11-15,0.39661745117757047
2022-11-16,0.2564011843474817
2022-11-17,0.226916584402271
2022-11-18,0.32330588000599114
2022-11-19,0.26694585929209824
2022-11-20,0.14902967225511385
2022-11-21,0.12301578219000918
2022-11-22,0.16130989550729247
2022-11-23,0.3057842057413842
2022-11-24,0.36273858392575364
2022-11-25,0.35651678831384914
2022-11-26,0.30718205155463557
2022-11-27,0.29870985687349494
2022-11-28,0.24061347407291292
2022-11-29,0.3369449900407126
2022-11-30,0.7309464712798094
2022-12-01,0.7306401008481335
2022-12-02,0.8083934782269244
2022-12-03,0.5767471952756317
2022-12-04,0.7088708848605838
2022-12-05,0.5664774287353964
2022-12-06,0.5088135128614361
2022-12-07,0.3147145041106969
2022-12-08,0.3895949003816579
2022-12-09,0.42980573774708286
2022-12-10,0.4361619798579263
2022-12-11,0.44702532983011484
2022-12-12,0.43817644472179706
2022-12-13,0.6213325944163155
2022-12-14,0.40681593448700887
2022-12-15,0.3664860216195388
2022-12-16,0.13762202895087605
2022-12-17,0.13702261979542926
2022-12-18,0.14436082517612028
2022-12-19,0.16505266887354367
2022-12-20,0.21986064244915482
2022-12-21,0.40457975868956864
2022-12-22,0.3010467861251485
2022-12-23,0.3370933759254021
2022-12-24,0.30267056729515107
2022-12-25,0.34542103619080416
2022-12-26,0.35110248177953185
2022-12-27,0.30607066494305096
2022-12-28,0.2647793481042226
2022-12-29,0.2525420625601627
2022-12-30,0.2699269969667895
2022-12-31,0.26028017409287374
2023-01-01,0.21121012038240933
2023-01-02,0.28129509800947944
2023-01-03,0.4828384078548375
2023-01-04,0.5048495954695176
2023-01-05,0.5111333517723541
2023-01-06,0.5703044169401924
2023-01-07,0.5599237751032323
2023-01-08,0.5704900288006806
2023-01-09,0.7465897470536826
2023-01-10,0.7819519922949105
2023-01-11,0.7762551249596885
2023-01-12,0.2753342834764876
2023-01-13,0.3020966540778985
2023-01-14,0.35002214472426046
2023-01-15,0.42832867660846297
2023-01-16,0.47085901964170035
2023-01-17,0.5944313440817725
2023-01-18,0.49682199501539004
2023-01-19,0.5556867139215541
2023-01-20,0.6273220811251434
2023-01-21,0.5433083257337393
2023-01-22,0.5655595499589853
2023-01-23,0.3560620974638371
2023-01-24,0.31116340809765297
2023-01-25,0.39567203304693754
2023-01-26,0.33388246946341876
2023-01-27,0.3726834989117183
2023-01-28,0.30958951266618845
2023-01-29,0.3087870823040379
2023-01-30,0.279509544291542
2023-01-31,0.2563410260229485
2023-02-01,0.28099956550636873
2023-02-02,0.34335924480596497
2023-02-03,0.2914434777379168
2023-02-04,0.30376929061198343
2023-02-05,0.3228560987825552
2023-02-06,0.3169784836040272
2023-02-07,0.31895180987370403
2023-02-08,0.3743479213105723
2023-02-09,0.3316425220253057
2023-02-10,0.3096212966743091
2023-02-11,0.25568443941010965
2023-02-12,0.24380818027076762
2023-02-13,0.28081538174632503
2023-02-14,0.318214657164457
2023-02-15,0.26714255577874585
2023-02-16,0.3096438884433509
2023-02-17,0.29205073483200006
2023-02-18,0.29189659848177085
2023-02-19,0.31643668257326146
2023-02-20,0.29351697683735534
2023-02-21,0.41337780319596773
2023-02-22,0.24712117705274386
2023-02-23,0.21831986476277485
2023-02-24,0.21058589370324818
2023-02-25,0.1609357733300701
2023-02-26,0.20343284364474717
2023-02-27,0.16957739379377096
2023-02-28,0.16389986433529738
2023-03-01,0.12069973409974782
2023-03-02,0.13421172868258727
2023-03-03,0.08275636244311461
2023-03-04,0.08543224085756922
2023-03-05,0.08614698478813013
2023-03-06,0.07833686478354644
2023-03-07,0.09410216384752877
2023-03-08,0.15677241482166457
2023-03-09,0.1343375751181994
2023-03-10,0.1270535346016806
2023-03-11,0.16545243025958695
2023-03-12,0.21711575934491809
2023-03-13,0.18790667174931508
2023-03-14,0.31642546858614706
2023-03-15,0.17178870278891128
2023-03-16,0.1905944723586136
2023-03-17,0.20805734030107598
2023-03-18,0.200259931078199
2023-03-19,0.1960778857347118
2023-03-20,0.19616826274042862
2023-03-21,0.16920868937713204
2023-03-22,0.20608429877975817
2023-03-23,0.2676610318483091
2023-03-24,0.21689052001929687
2023-03-25,0.2408068820912507
2023-03-26,0.24184736316621316
2023-03-27,0.1841192222922525
2023-03-28,0.24261424362307887
2023-03-29,0.2639191793144322
2023-03-30,0.2678931388415063
2023-03-31,0.24379087040007363
2023-04-01,0.31382413231904055
2023-04-02,0.3022317650464033
2023-04-03,0.27188549287777186
2023-04-04,0.26999317433957326
2023-04-05,0.26067510798472854
2023-04-06,0.2766188182754297
2023-04-07,0.2783794989501129
2023-04-08,0.2780345888598286
2023-04-09,0.2491727151088434
2023-04-10,0.290943832526763
2023-04-11,0.22332687415839497
2023-04-12,0.22518832901067196
2023-04-13,0.16133935596618804
2023-04-14,0.2010014892520285
2023-04-15,0.2169204135903301
2023-04-16,0.24191950997280062
2023-04-17,0.32363155677974487
2023-04-18,0.2415742506270924
2023-04-19,0.2443524713047639
2023-04-20,0.17429072236652465
2023-04-21,0.2954294560864389
2023-04-22,0.2703736707119779
2023-04-23,0.2915329533223056
2023-04-24,0.2801216008407255
2023-04-25,0.2649370617269173
2023-04-26,0.27975390035796527
2023-04-27,0.318824719596672
2023-04-28,0.3135874207782664
2023-04-29,0.2995672227609396
2023-04-30,0.3294408540059254
2023-05-01,0.37651466513049703
2023-05-02,0.3186388089446971
2023-05-03,0.15080512776177357
2023-05-04,0.15098397883890524
2023-05-05,0.292580105973344
2023-05-06,0.30461090740515506
2023-05-07,0.31021878697055894
2023-05-08,0.5078434072417416
2023-05-09,0.36873726064446644
2023-05-10,0.4944710292158484
2023-05-11,0.4989303893210057
2023-05-12,0.5159701056482267
2023-05-13,0.4848351100414567
2023-05-14,0.43387852889221745
2023-05-15,0.4059041209608499
2023-05-16,0.21803855638004857
2023-05-17,0.4473427296833182
2023-05-18,0.42638272004085787
2023-05-19,0.4211937786614325
2023-05-20,0.41445530472507897
2023-05-21,0.41749193915395927
2023-05-22,0.4227746168434896
2023-05-23,0.2965409705353089
2023-05-24,0.25067285005882217
2023-05-25,0.21316656231168546
2023-05-26,0.21032311549475938
2023-05-27,0.2097076414535952
2023-05-28,0.31070228772619835
2023-05-29,0.27696452577163444
2023-05-30,0.44152324675838617
2023-05-31,0.2679756122099334
2023-06-01,0.4183374307379393
2023-06-02,0.40103258129097125
2023-06-03,0.34586435565104806
2023-06-04,0.4709517638837849
2023-06-05,0.43613999527345
2023-06-06,0.454993421976305
2023-06-07,0.659000072698266
2023-06-08,0.6447105031501991
2023-06-09,0.6350225292918903
2023-06-10,0.5448073176402626
2023-06-11,0.5625623627547037
2023-06-12,0.29573698093243866
2023-06-13,0.4995563421198259
2023-06-14,0.5004997991187752
2023-06-15,0.3825367252909482
2023-06-16,0.48702260110824164
2023-06-17,0.5322382250463465
2023-06-18,0.3381995351866323
2023-06-19,0.3970666874347323
2023-06-20,0.3343865335396357
2023-06-21,0.14044907356329442
2023-06-22,0.14935873045392828
2023-06-23,0.3134605980684103
2023-06-24,0.2891652152689873
2023-06-25,0.1329514988936773
2023-06-26,0.20698945990066828
2023-06-27,0.46259829538675623
2023-06-28,0.12964254706921968
2023-06-29,0.11067973505310431
2023-06-30,0.3015952638595502
2023-07-01,0.38892586910739535
2023-07-02,0.5282412087924808
2023-07-03,0.4724262725042933
2023-07-04,0.43006088202043047
2023-07-05,0.3849806510919146
2023-07-06,0.18184899658569198
2023-07-07,0.16398513340745532
2023-07-08,0.15753241846004787
2023-07-09,0.16150338794200736
2023-07-10,0.10754145076133745
2023-07-11,0.21092929965523102
2023-07-12,0.17675890460657
2023-07-13,0.29400631296365287
2023-07-14,0.3070913696815796
2023-07-15,0.18425895666587935
2023-07-16,0.20327570415473253
2023-07-17,0.23695370096181223
2023-07-18,0.24654481286933366
2023-07-19,0.22031791260794525
2023-07-20,0.2197947301735262
2023-07-21,0.24645744729971472
2023-07-22,0.2212281128437369
2023-07-23,0.19310397584939223
2023-07-24,0.21718052299908583
2023-07-25,0.25755213415197986
2023-07-26,0.18910571468057397
2023-07-27,0.1776740301163235
2023-07-28,0.22348062983533215
2023-07-29,0.18887623399034295
2023-07-30,0.18489076662041418
2023-07-31,0.24570478292016326
2023-08-01,0.10282345720791855
2023-08-02,0.13868189802562786
2023-08-03,0.1616094807094182
2023-08-04,0.13687704925646135
2023-08-05,0.14892507574643202
2023-08-06,0.16186548480127377
2023-08-07,0.1830780065455344
2023-08-08,0.1511038329571894
2023-08-09,0.1680732405292536
2023-08-10,0.1651511220352336
2023-08-11,0.11397921094414855
2023-08-12,0.11436625713785374
2023-08-13,0.1390182508023828
2023-08-14,0.13741608614852566
2023-08-15,0.1994362232635815
2023-08-16,0.18701147502801443
2023-08-17,0.2467312340637981
2023-08-18,0.1160877876016731
2023-08-19,0.13140312715541505
2023-08-20,0.06940284096362845
2023-08-21,0.06729652692419891
2023-08-22,0.07134976214513686
2023-08-23,0.09083369281519006
2023-08-24,0.06650442764941579
2023-08-25,0.09794842855005563
2023-08-26,0.07432623123158243
2023-08-27,0.08809336405182948
2023-08-28,0.061077687203510325
2023-08-29,0.05378012038941266
2023-08-30,0.20431131708490596
2023-08-31,0.181126898504386
2023-09-01,0.11803944860797826
2023-09-02,0.10694850101951361
2023-09-03,0.1307594215533324
2023-09-04,0.12772751399051976
2023-09-05,0.2115637057111217
2023-09-06,0.1608028800007636
2023-09-07,0.3459676480669958
2023-09-08,0.18443342287551373
2023-09-09,0.1795245693776206
2023-09-10,0.2359951620995336
2023-09-11,0.28761849551661794
2023-09-12,0.21498899402338717
2023-09-13,0.16474535954333194
2023-09-14,0.15323685408505758
2023-09-15,0.2986064710729589
2023-09-16,0.28360107147397345
2023-09-17,0.28507438385020645
2023-09-18,0.26895295488992504
2023-09-19,0.26518510350695834
2023-09-20,0.3899902308589181
2023-09-21,0.28234962665353425
2023-09-22,0.2660509504240856
2023-09-23,0.2660509504240856
2023-09-24,0.28607735530430783
2023-09-25,0.2805826475758291
2023-09-26,0.22121301021294923
2023-09-27,0.20279620112409902
2023-09-28,0.2095486411852623
2023-09-29,0.19667018350273704
2023-09-30,0.19362031556603104
2023-10-01,0.23353844518540595
2023-10-02,0.1973999493528286
2023-10-03,0.1782701717484805
2023-10-04,0.1797624782930996
2023-10-05,0.17874861996991817
2023-10-06,0.23714473514198775
2023-10-07,0.23369010997020176
2023-10-08,0.2624736667306283
2023-10-09,0.18402589314896314
2023-10-10,0.18961839736286693
2023-10-11,0.17013250234991287
2023-10-12,0.19466777619622913
2023-10-13,0.1529910257629869
2023-10-14,0.15453477264099916
2023-10-15,0.17521896878626506
2023-10-16,0.15361609928048348
2023-10-17,0.17697677269900403
2023-10-18,0.1807160905866156
2023-10-19,0.1909102396517181
2023-10-20,0.15927976411922798
2023-10-21,0.17312211371111924
2023-10-22,0.17889438354738688
2023-10-23,0.22645667626484217
2023-10-24,0.22850589841704635
2023-10-25,0.235337579908974
2023-10-26,0.24203807180765974
2023-10-27,0.28177339182156486
2023-10-28,0.2628926224649926
2023-10-29,0.25292172580781014
2023-10-30,0.28937872979832147
2023-10-31,0.2817774355733552
2023-11-01,0.1553645733531873
2023-11-02,0.21045017703331062
2023-11-03,0.21469332867093074
2023-11-04,0.1845818640732346
2023-11-05,0.150926141126517
2023-11-06,0.17852005975054716
2023-11-07,0.1607509357479379
2023-11-08,0.14053359711335617
2023-11-09,0.18945555465400316
2023-11-10,0.10917485199649939
2023-11-11,0.1253042614826466
2023-11-12,0.13475391739362694
2023-11-13,0.16829759860241278
2023-11-14,0.11198323294852824
2023-11-15,0.17185501786217405
2023-11-16,0.11588954762936056
2023-11-17,0.13995932616504828
2023-11-18,0.13342468139470554
2023-11-19,0.1453583313533308
2023-11-20,0.2634723271953475
2023-11-21,0.11576477480437065
2023-11-22,0.18919054889421283
2023-11-23,0.17166588112247874
2023-11-24,0.19269624064977756
2023-11-25,0.1926321528024528
2023-11-26,0.16604459059305526
2023-11-27,0.14238980375841467
2023-11-28,0.243842456299916
2023-11-29,0.16048226216753111
2023-11-30,0.12103179270840689
2023-12-01,0.09274604058313753
2023-12-02,0.056650682564622454
2023-12-03,0.06670784024055623
2023-12-04,0.06012974100886964
2023-12-05,0.10024937370927726
2023-12-06,0.09470544116703633
2023-12-07,0.08554278051309235
2023-12-08,0.12082653698226421
2023-12-09,0.1007154793014833
2023-12-10,0.10811660164667973
2023-12-11,0.12402768302498862
2023-12-12,0.12984104677572972
2023-12-13,0.17530411738665172
2023-12-14,0.1306894465827876
2023-12-15,0.09319379851876734
2023-12-16,0.1333025085874334
2023-12-17,0.10299630458895064
2023-12-18,0.12074385110311911
2023-12-19,0.11994598754005817
2023-12-20,0.10685093569471847
2023-12-21,0.11023527431624382
2023-12-22,0.18845786374334542
2023-12-23,0.17901434903628202
2023-12-24,0.15366596783196015
2023-12-25,0.16651379760400142
2023-12-26,0.14418605636489204
2023-12-27,0.2239614712669973
2023-12-28,0.09966290283747689
2023-12-29,0.08003604063430927
2023-12-30,0.0830927491585295
2023-12-31,0.0800747685237015
2024-01-01,0.1082290018284782
2024-01-02,0.09631177519711973
2024-01-03,0.11410553415281634
2024-01-04,0.09751381213149576
2024-01-05,0.06167226343649576
2024-01-06,0.07556220322975105
2024-01-07,0.07873787835546789
2024-01-08,0.08091304315466621
2024-01-09,0.08693854079284571
2024-01-10,0.12881237630620965
2024-01-11,0.152928690184445
2024-01-12,0.2175660263651254
2024-01-13,0.1077205295123343
2024-01-14,0.12300322887923619
2024-01-15,0.133261638817027
2024-01-16,0.16647679629888906
2024-01-17,0.24334137071672418
2024-01-18,0.17287526856915864
2024-01-19,0.13919948745364538
2024-01-20,0.13319868275314153
2024-01-21,0.14691653336863753
2024-01-22,0.12034510930136044
2024-01-23,0.07692341735023778
2024-01-24,0.06815206219979274
2024-01-25,0.07277968258460105
2024-01-26,0.08238355227550737
2024-01-27,0.055445816863688234
2024-01-28,0.08810901162244754
2024-01-29,0.11651940790265171
2024-01-30,0.061256447575953415
2024-01-31,0.10519828884305968
2024-02-01,0.1732204538713406
2024-02-02,0.1841642650155606
2024-02-03,0.12823726769267335
2024-02-04,0.20189566636034467
2024-02-05,0.15834094166881435
2024-02-06,0.09681587867728705
2024-02-07,0.06969404679021111
2024-02-08,0.06695381372414624
2024-02-09,0.05612699319779144
2024-02-10,0.06151453457621327
2024-02-11,0.0714990669027182
2024-02-12,0.10582679598961964
2024-02-13,0.08797698957738083
2024-02-14,0.10325129002261843
2024-02-15,0.08157731487062467
2024-02-16,0.0777096602323144
2024-02-17,0.07724145755826668
2024-02-18,0.09182714906153391
2024-02-19,0.09911087920906964
2024-02-20,0.10258637134563962
2024-02-21,0.0958473481412205
2024-02-22,0.09014785693649216
2024-02-23,0.08471314356944301
2024-02-24,0.10767684784256813
2024-02-25,0.12081547793869821
2024-02-26,0.15314467188301
2024-02-27,0.11652644745838366
2024-02-28,0.2770734091818534
2024-02-29,0.3201844120439501
2024-03-01,0.1356515838213091
2024-03-02,0.1133427933616218
2024-03-03,0.12147856314841182
2024-03-04,0.21339814921490644
2024-03-05,0.40114411999525657
2024-03-06,0.4389685900287737
2024-03-07,0.38491663019556194
2024-03-08,0.21357606006334617
2024-03-09,0.13923788788035155
2024-03-10,0.25369265349062525
2024-03-11,0.2647283753351664
2024-03-12,0.2530831998434423
2024-03-13,0.24350712770097183
2024-03-14,0.23245338584919875
2024-03-15,0.30719329341246243
2024-03-16,0.2650554622893837
2024-03-17,0.20523369819075898
2024-03-18,0.17684299521656227
2024-03-19,0.22673450559572716
2024-03-20,0.18481104601044734
2024-03-21,0.21352093829882926
2024-03-22,0.20400847387575813
2024-03-23,0.1498617223883693
2024-03-24,0.10687650514062877
2024-03-25,0.1529282496769277
2024-03-26,0.12684391606878379
2024-03-27,0.1339658360972345
2024-03-28,0.12582923925181227
2024-03-29,0.13158588247868877
2024-03-30,0.12321869737370242
2024-03-31,0.13417402946759246
2024-04-01,0.13083842642311164
2024-04-02,0.08387868337273682
2024-04-03,0.08290573237592698
2024-04-04,0.10454483203567233
2024-04-05,0.08069556865078442
2024-04-06,0.10507295616326107
2024-04-07,0.11889862285050731
2024-04-08,0.18184535483710498
2024-04-09,0.11176721417730383
2024-04-10,0.10850634286622914
2024-04-11,0.1117437461125151
2024-04-12,0.058666212317338116
2024-04-13,0.1267212009794123
2024-04-14,0.11711439445101114
2024-04-15,0.28265534411149923
2024-04-16,0.24311658740695338
2024-04-17,0.14869855296667203
2024-04-18,0.1265000193807869
2024-04-19,0.1292042382287724
2024-04-20,0.06634973411020192
2024-04-21,0.054036219383802875
2024-04-22,0.051941276961678336
2024-04-23,0.04422392087751655
2024-04-24,0.04575623233759923
2024-04-25,0.03836482781196309
2024-04-26,0.03961426830574976
2024-04-27,0.041302500536684654
2024-04-28,0.044114982614462867
2024-04-29,0.04977624110382302
2024-04-30,0.06517742971308882
2024-05-01,0.1546121676708042
2024-05-02,0.07435426598038768
2024-05-03,0.03150818369681043
2024-05-04,0.04972057304080725
2024-05-05,0.054779431070838304
2024-05-06,0.06460437510358365
2024-05-07,0.0504310600509465
2024-05-08,0.04211981761261626
2024-05-09,0.03800676980203493
2024-05-10,0.045359394521365524
2024-05-11,0.03762072004099348
2024-05-12,0.044273583736567534
2024-05-13,0.056540366765390045
2024-05-14,0.05144719364986747
2024-05-15,0.19406808441919288
2024-05-16,0.19346870169051883
2024-05-17,0.13665801692579158
2024-05-18,0.12451883561321961
2024-05-19,0.09139717885912674
2024-05-20,0.3556812485929843
2024-05-21,0.3741841058289787
2024-05-22,0.3359592517627996
2024-05-23,0.060715126043322964
2024-05-24,0.31878548829488224
2024-05-25,0.3353033098850291
2024-05-26,0.18739519943090488
2024-05-27,0.212005747131509
2024-05-28,0.11720109255824662
2024-05-29,0.22390842175227407
2024-05-30,0.20615819313635048
2024-05-31,0.10758297816571358
2024-06-01,0.07129889051751165
2024-06-02,0.0766672937393635
2024-06-03,0.08469465755543129
2024-06-04,0.23308885286112346
2024-06-05,0.20316424827024773
2024-06-06,0.26104963316572677
2024-06-07,0.10045559653763407
2024-06-08,0.23285904094450172
2024-06-09,0.10250645623909632
2024-06-10,0.09580727921415823
2024-06-11,0.08448881647769142
2024-06-12,0.07457359018223027
2024-06-13,0.04641137779882151
2024-06-14,0.03972249346385343
2024-06-15,0.04576301488335121
2024-06-16,0.05443291263510399
2024-06-17,0.051158458652437316
2024-06-18,0.051888057181268564
2024-06-19,0.04408014767200644
2024-06-20,0.03682194965769308
2024-06-21,0.04603053425013952
2024-06-22,0.040831385116400436
2024-06-23,0.035116769210271556
2024-06-24,0.02294055622789883
2024-06-25,0.02375702316686858
2024-06-26,0.032669060675784116
2024-06-27,0.057236938222229056
2024-06-28,0.04396429299860949
2024-06-29,0.04536261618934681
2024-06-30,0.09907531577798621
2024-07-01,0.07504429463940879
2024-07-02,0.09839563552280121
2024-07-03,0.14814947903464173
2024-07-04,0.07595678183807167
2024-07-05,0.05966555522988439
2024-07-06,0.04008379651419305
2024-07-07,0.04611351314213288
2024-07-08,0.05785061630782722
2024-07-09,0.04853070118019625
2024-07-10,0.048524942486650936
2024-07-11,0.04924940426188616
2024-07-12,0.04379458072777844
2024-07-13,0.06887702188339803
2024-07-14,0.06596431091224837
2024-07-15,0.06318615940441424
2024-07-16,0.053493808518104626
2024-07-17,0.04059068095096546
2024-07-18,0.059405398797293514
2024-07-19,0.09214088992448352
2024-07-20,0.07317154774954387
2024-07-21,0.11804854909579242
2024-07-22,0.10756704979928763
2024-07-23,0.09315882991572182
2024-07-24,0.14678995456862953
2024-07-25,0.13879356214598818
2024-07-26,0.13919451359804094
2024-07-27,0.16594157888106179
2024-07-28,0.15714195254421434
2024-07-29,0.18795473087172151
2024-07-30,0.0978059853545511
2024-07-31,0.09093957279483163
2024-08-01,0.13756378512980577
2024-08-02,0.14323039204483515
2024-08-03,0.07342766633233758
2024-08-04,0.10097520286480301
2024-08-05,0.36504965538172207
2024-08-06,0.14344393512050527
2024-08-07,0.1252445774053092
2024-08-08,0.23173844948532504
2024-08-09,0.27228806456322463
2024-08-10,0.18881286575358147
2024-08-11,0.21501437859073025
2024-08-12,0.3070670861246075
2024-08-13,0.24843916622471093
2024-08-14,0.17358549714687035
2024-08-15,0.2288191753230648
2024-08-16,0.17605249870561654
2024-08-17,0.12038137218217314
2024-08-18,0.13731954350066622
2024-08-19,0.11557471934812681
2024-08-20,0.14675054955941763
2024-08-21,0.12793307350579466
2024-08-22,0.06456020926215986
2024-08-23,0.1389710684100345
2024-08-24,0.1089817637342671
2024-08-25,0.11714349402314077
2024-08-26,0.09421694634450693
2024-08-27,0.10597743050091878
2024-08-28,0.12463434203396537
2024-08-29,0.11354171542256995
2024-08-30,0.12153770658959202
2024-08-31,0.08726065401782913
2024-09-01,0.10209686459425486
2024-09-02,0.13141956994488863
2024-09-03,0.09709161923348975
2024-09-04,0.2293532576825681
2024-09-05,0.10713680206468247
2024-09-06,0.10899068827748751
2024-09-07,0.09344925322388455
2024-09-08,0.08279308217570416
2024-09-09,0.102184610971106
2024-09-10,0.10818740408016501
2024-09-11,0.10477787466588089
2024-09-12,0.11747422494761635
2024-09-13,0.22446810135407103
2024-09-14,0.2160510251722742
2024-09-15,0.17766573138547334
2024-09-16,0.08856382796996859
2024-09-17,0.10179982616771485
2024-09-18,0.10065028703874626
2024-09-19,0.15530783403630682
2024-09-20,0.22306523416415738
2024-09-21,0.21911753692296868
2024-09-22,0.28563705250346705
2024-09-23,0.2621977267632159
2024-09-24,0.22828465000199585
2024-09-25,0.1923561571494127
2024-09-26,0.3128210911783193
2024-09-27,0.14702519554701463
2024-09-28,0.14953529230986415
2024-09-29,0.16218684511970133
2024-09-30,0.29321469168193814
2024-10-01,0.13154370235463442
2024-10-02,0.11367335717849972
2024-10-03,0.13293289159651617
2024-10-04,0.12719521338518544
2024-10-05,0.13319783018866566
2024-10-06,0.14311590756138418
2024-10-07,0.14963075658350275
2024-10-08,0.1328679380697004
2024-10-09,0.13319067218696673
2024-10-10,0.17313259271207174
2024-10-11,0.10660868006075659
2024-10-12,0.11891689354435567
2024-10-13,0.10291903169447482
2024-10-14,0.20403045699286806
2024-10-15,0.3041107879185466
2024-10-16,0.19398738383926126
2024-10-17,0.1938979880907123
2024-10-18,0.17514259624070677
2024-10-19,0.18147950572676896
2024-10-20,0.20828945477910266
2024-10-21,0.22291635727851233
2024-10-22,0.21922274509362258
2024-10-23,0.19533377131169855
2024-10-24,0.18809936016886658
2024-10-25,0.23421266085731093
2024-10-26,0.2279404474428327
2024-10-27,0.23239483214683335
2024-10-28,0.16004304867795902
2024-10-29,0.20494675742120627
2024-10-30,0.2078775672274773
2024-10-31,0.2693802652559272
2024-11-01,0.21804989040178926
2024-11-02,0.17094288787957
2024-11-03,0.18761885883195414
2024-11-04,0.1640693059996312
2024-11-05,0.17386694733297486
2024-11-06,0.4332815964413378
2024-11-07,0.3075149226348979
2024-11-08,0.2865156758469857
2024-11-09,0.27683457171463927
2024-11-10,0.384038209393135
2024-11-11,0.49744698562711787
2024-11-12,0.5272345930507972
2024-11-13,0.36597130347186174
2024-11-14,0.4764104551389395
2024-11-15,0.44256801359319914
2024-11-16,0.37497975185994387
2024-11-17,0.4172933629197439
2024-11-18,0.5808202233377051
2024-11-19,0.4418770086222251
2024-11-20,0.24799401109300884
2024-11-21,0.4004759605437826
2024-11-22,0.4633441338952419
2024-11-23,0.29689277836494654
2024-11-24,0.363715491688424
2024-11-25,0.4770387013282305
2024-11-26,0.4904757234922273
2024-11-27,0.5135603826671082
2024-11-28,0.4494152522611377
2024-11-29,0.46572360951743896
2024-11-30,0.44561593405538286
2024-12-01,0.3426685720428803
2024-12-02,0.30613160555287855
2024-12-03,0.14661654358748732
2024-12-04,0.2716922545494198
2024-12-05,0.3335151342746068
2024-12-06,0.2331279836751572
2024-12-07,0.20933328366471038
2024-12-08,0.23826263017034743
2024-12-09,0.25587040026047003
2024-12-10,0.27985924775634236
2024-12-11,0.2141888255504294
2024-12-12,0.16046646656847957
2024-12-13,0.1396940988958073
2024-12-14,0.12585907709303787
2024-12-15,0.1661150363329996
2024-12-16,0.18965438920687577
2024-12-17,0.23753963156191635
2024-12-18,0.3752457575862338
2024-12-19,0.2372418827628631
2024-12-20,0.27800135573253865
2024-12-21,0.2335965981719596
2024-12-22,0.1944107695686392
2024-12-23,0.22340079101965027
2024-12-24,0.2928960615389479
2024-12-25,0.24737023989128873
2024-12-26,0.20026148679097328
2024-12-27,0.2950977301801921
2024-12-28,0.15994526428928582
2024-12-29,0.2096931138336012
2024-12-30,0.19631409001525896
2024-12-31,0.1307060448154209
2025-01-01,0.13121418453969863
2025-01-02,0.16488661385489367
2025-01-03,0.12660895299688146
2025-01-04,0.1413121130345131
2025-01-05,0.1647944899089158
2025-01-06,0.27918034133408043
2025-01-07,0.10243796730864925
2025-01-08,0.13855614723453633
2025-01-09,0.1166336589176992
2025-01-10,0.13446664579222126
2025-01-11,0.07750030149526699
2025-01-12,0.0835180090779192
2025-01-13,0.11711514145586867
2025-01-14,0.19721946993629613
2025-01-15,0.16995724944549465
2025-01-16,0.13265441752868065
2025-01-17,0.16189469186880512
2025-01-18,0.17969587081201888
2025-01-19,0.22474947436903475
2025-01-20,0.28573590826220324
2025-01-21,0.2988634247515423
2025-01-22,0.23171152479354512
2025-01-23,0.24285933283949662
2025-01-24,0.3014486169825493
2025-01-25,0.23502666650154555
2025-01-26,0.1577840966161958
2025-01-27,0.2813233581391193
2025-01-28,0.1865116944189069
2025-01-29,0.15909850188029456
2025-01-30,0.1334144971292999
2025-01-31,0.13535050364867562
2025-02-01,0.1268651595895267
2025-02-02,0.10648625229179425
2025-02-03,0.2487136590243541
2025-02-04,0.1871783056441382
2025-02-05,0.1092946901053638
2025-02-06,0.11618131546276751
2025-02-07,0.15848132758976305
2025-02-08,0.08778067768858848
2025-02-09,0.093667450061748
2025-02-10,0.09154191013095044
2025-02-11,0.08708890799922295
2025-02-12,0.10424187199542886
2025-02-13,0.07418599304456858
2025-02-14,0.10864928843614571
2025-02-15,0.08906908843740635
2025-02-16,0.09236265210315017
2025-02-17,0.09841668162698194
2025-02-18,0.09980778002438519
2025-02-19,0.07160067654835323
2025-02-20,0.12971971567477572
2025-02-21,0.07918047019918852
2025-02-22,0.09268449636650537
2025-02-23,0.07987952774989306
2025-02-24,0.11888821417667873
2025-02-25,0.32763261902296537
2025-02-26,0.11068745643376347
2025-02-27,0.14138734821496904
2025-02-28,0.12805608116385012
2025-03-01,0.07280214531712507
2025-03-02,0.14263718675715695
2025-03-03,0.183699114553677
2025-03-04,0.17830185031787282
2025-03-05,0.16351697004247273
2025-03-06,0.269149113596544
2025-03-07,0.31626627402086027
2025-03-08,0.2451189929556774
2025-03-09,0.23528564098837493
2025-03-10,0.3092076874916129
2025-03-11,0.174613149825276
2025-03-12,0.12428051137081778
2025-03-13,0.10678418789250455
2025-03-14,0.06259774696882331
2025-03-15,0.0472591559115323
2025-03-16,0.08418537915715321
2025-03-17,0.08977413491092646
2025-03-18,0.11352804611901776
2025-03-19,0.10299755666121091
2025-03-20,0.09812386350858963
2025-03-21,0.08651495811418752
2025-03-22,0.07576917536570034
2025-03-23,0.09075103552879969
2025-03-24,0.10412333240768942
2025-03-25,0.10392782300687164
2025-03-26,0.08090833944393916
2025-03-27,0.08118733585792585
2025-03-28,0.0607224593324163
2025-03-29,0.06381275191712328
2025-03-30,0.06377529178346965
2025-03-31,0.06498365729228185
2025-04-01,0.04855070122343795
2025-04-02,0.07683643386859675
2025-04-03,0.11855504379777089
2025-04-04,0.1421606691789041
2025-04-05,0.13173618963267048
2025-04-06,0.20292946454617625
2025-04-07,0.1294302340882124
2025-04-08,0.14642804430414036
2025-04-09,0.06016401950529717
2025-04-10,0.08319001366477412
2025-04-11,0.07832549035910479
2025-04-12,0.13657833236962696
2025-04-13,0.12371178074496
2025-04-14,0.08997267950938172
2025-04-15,0.08082643224741287
2025-04-16,0.0750899283697757
2025-04-17,0.06616438470068368
2025-04-18,0.07387025198590422
2025-04-19,0.07204992809674332
2025-04-20,0.0719107575508103
2025-04-21,0.07892517988231791
2025-04-22,0.06931906472284316
2025-04-23,0.0698613516638731
2025-04-24,0.07179692510438293
2025-04-25,0.063400788101843
2025-04-26,0.06754745878083486
2025-04-27,0.06128107385933524
2025-04-28,0.07184365517822325
2025-04-29,0.046680252614897964
2025-04-30,0.05537035427645838
2025-05-01,0.057994820024716585
2025-05-02,0.05947839662653104
2025-05-03,0.06019085645541088
2025-05-04,0.05148304504293967
2025-05-05,0.06764118667376078
2025-05-06,0.081882083146322
2025-05-07,0.04897056811583917
2025-05-08,0.13765106983103295
2025-05-09,0.18317755675760922
2025-05-10,0.19067528405151474
2025-05-11,0.153548354767534
2025-05-12,0.20493919526901758
2025-05-13,0.23780500996734702
2025-05-14,0.24060167020653123
2025-05-15,0.20758274479453437
2025-05-16,0.21835503246068827
2025-05-17,0.14582347957757588
2025-05-18,0.23379128837707538
2025-05-19,0.15229550649820464
2025-05-20,0.19040783043296675
2025-05-21,0.23537799410531002
2025-05-22,0.29629452831986963
2025-05-23,0.15369418859230025
2025-05-24,0.1268661575681747
2025-05-25,0.12577387395209752
2025-05-26,0.17438197499463434
2025-05-27,0.12208232613028609
2025-05-28,0.15881113444571837
2025-05-29,0.15331975152344252
2025-05-30,0.19105832457323257
2025-05-31,0.1781994019680675
2025-06-01,0.14677605175107628
2025-06-02,0.1410825773412519
2025-06-03,0.12651527326792542
2025-06-04,0.16388234972658075
2025-06-05,0.15294219144037002
2025-06-06,0.13203300170308357
2025-06-07,0.13396248197801117
2025-06-08,0.14030224335692928
2025-06-09,0.14328468622966883
2025-06-10,0.17952408904748318
2025-06-11,0.14969213573380238
2025-06-12,0.13507198184700597
2025-06-13,0.12199381019092286
2025-06-14,0.1216109731697055
2025-06-15,0.14968989782003062
2025-06-16,0.1432201543740471
2025-06-17,0.1299762160119179
2025-06-18,0.14122800634947555
2025-06-19,0.12096909167916964
2025-06-20,0.1109749278440113
2025-06-21,0.20226273302717837
2025-06-22,0.16367743547048094
2025-06-23,0.12439958331920209
2025-06-24,0.13386853768515758
2025-06-25,0.138297686133497
2025-06-26,0.14658773670276332
2025-06-27,0.14317116266188612
2025-06-28,0.16426823189532683
2025-06-29,0.34057844789189906
2025-06-30,0.2180265604268937
2025-07-01,0.14251236179061044
2025-07-02,0.24289420972245393
2025-07-03,0.18681368841588133
2025-07-04,0.16073794860034912
2025-07-05,0.1731003122376593
2025-07-06,0.20510822846539775
2025-07-07,0.14134412055892626
2025-07-08,0.1859125630768659
2025-07-09,0.20727031180301514
2025-07-10,0.1810234099980683
2025-07-11,0.25482351295103156
2025-07-12,0.19875312291851102
2025-07-13,0.22815209905474104
2025-07-14,0.1624745033953924
2025-07-15,0.15286209456872826
2025-07-16,0.20102621599964093
2025-07-17,0.19218545428354125
2025-07-18,0.1870259605062192
2025-07-19,0.19635012484427902
2025-07-20,0.2467673659585772
2025-07-21,0.3023178895016056
2025-07-22,0.28997043575094644
2025-07-23,0.29496133312127576
2025-07-24,0.2375621506300041
2025-07-25,0.3164944843852154
2025-07-26,0.2557620683673068
2025-07-27,0.27138778312655554
2025-07-28,0.18279789502396504
2025-07-29,0.1743220240860192
2025-07-30,0.18513284663469895
2025-07-31,0.23645623817344696
2025-08-01,0.17308699704295846
2025-08-02,0.18604863505124947
2025-08-03,0.20179513398779308
2025-08-04,0.1085609770405594
2025-08-05,0.14775321042006195
2025-08-06,0.15910029559751523
2025-08-07,0.14443516059424807
2025-08-08,0.13291704567172152
2025-08-09,0.14859205377950346
2025-08-10,0.18461997993660664
2025-08-11,0.1376994425479831
2025-08-12,0.10995404335934499
2025-08-13,0.18338451947058382
2025-08-14,0.13923904764340814
2025-08-15,0.14037273844147463
2025-08-16,0.1681075569994541
2025-08-17,0.14453959714101872
2025-08-18,0.14284749545062303
2025-08-19,0.09694598386832584
2025-08-20,0.12066777068035187
2025-08-21,0.11463240959026048
2025-08-22,0.09816918249213018
2025-08-23,0.10743335120039944
2025-08-24,0.10360696398722166
2025-08-25,0.11083739848482274
2025-08-26,0.15043900387614378
2025-08-27,0.10361921103159842
2025-08-28,0.09715261779583745
2025-08-29,0.10545447306632078
2025-08-30,0.11719779031102964
2025-08-31,0.1445311178118864
2025-09-01,0.11231277652618306
2025-09-02,0.08343439772772412
2025-09-03,0.09209351850271774
2025-09-04,0.10447467406489365
2025-09-05,0.10180139165118694
2025-09-06,0.10439302357296634
2025-09-07,0.14592373792189292
2025-09-08,0.1371924059107196
2025-09-09,0.15873115637704086
2025-09-10,0.18745730090279933
2025-09-11,0.13010447361763064
2025-09-12,0.1679133718668942
2025-09-13,0.12740269375724356
2025-09-14,0.1411248922928566
2025-09-15,0.18209649983316686
2025-09-16,0.1582657262420299
2025-09-17,0.153416112370034
2025-09-18,0.1322304989455314
2025-09-19,0.13340374038453082
2025-09-20,0.12026584509082404
2025-09-21,0.11777251131646227
2025-09-22,0.11407139806530206
2025-09-23,0.12222290965097787
2025-09-24,0.10449411593913122
2025-09-25,0.09557576873339553
2025-09-26,0.11587541219418736
2025-09-27,0.11976860574729842
2025-09-28,0.14374480067207346
2025-09-29,0.11057330860009254
2025-09-30,0.08890762627188818
2025-10-01,0.21911418016356204
2025-10-02,0.17604907699666605
2025-10-03,0.13248054013403796
2025-10-04,0.13850253262989468
2025-10-05,0.16215381908083643
2025-10-06,0.13714029979647926
2025-10-07,0.12501921655131457
2025-10-08,0.17137649734628269
2025-10-09,0.1394534542630764
2025-10-10,0.22790742482836332
2025-10-11,0.15601100265506052
2025-10-12,0.14035673354580616
2025-10-13,0.07426669230924864
2025-10-14,0.12780928117733004
2025-10-15,0.09942871316630052
2025-10-16,0.13831841199442438
2025-10-17,0.11997269281608178
2025-10-18,0.07934516404666687
2025-10-19,0.08285156342212957
2025-10-20,0.07839953438099687
2025-10-21,0.11443612842890859
2025-10-22,0.10480044592244399
2025-10-23,0.07999905614607013
2025-10-24,0.09695410023781009
2025-10-25,0.15090559558395786
2025-10-26,0.21280905857745924
2025-10-27,0.19351375512135152
2025-10-28,0.14784798693576437
2025-10-29,0.12486866869142615
2025-10-30,0.12449134855756376
2025-10-31,0.1277799871620329
2025-11-01,0.11981201046246959
2025-11-02,0.1097499112185328
2025-11-03,0.11748481345761823
2025-11-04,0.2015361861733169
2025-11-05,0.08851281807643553
2025-11-06,0.12867569496410564
2025-11-07,0.10454070960505475
2025-11-08,0.07268195056341656
2025-11-09,0.08397637128496924
2025-11-10,0.077005139659607
2025-11-11,0.08931134186953951
2025-11-12,0.11982215211172177
2025-11-13,0.23731426997763586
2025-11-14,0.16114784627685438
2025-11-15,0.1293156920102191
2025-11-16,0.11776060167236914
2025-11-17,0.16961764364050913
2025-11-18,0.12164763228293364
2025-11-19,0.5227762381993302
2025-11-20,0.13353314127820406
2025-11-21,0.22137166062850505
2025-11-22,0.20127115381186875
2025-11-23,0.10343518071885045
2025-11-24,0.10886604783153175
2025-11-25,0.13439950096744344
2025-11-26,0.1256684801513189
2025-11-27,0.12556810708765917
2025-11-28,0.20132741294846357
2025-11-29,0.16391855924944018
2025-11-30,0.20041757029600493
2025-12-01,0.41956078614167147
2025-12-02,0.41913622975889003
2025-12-03,0.3554771489614971
2025-12-04,0.25827246048477703
2025-12-05,0.26897200547795286
2025-12-06,0.24118667401967783
2025-12-07,0.24292492854615275
2025-12-08,0.22366973415875105
2025-12-09,0.22021210004776967
2025-12-10,0.2068156898446209
2025-12-11,0.3113719304845622
2025-12-12,0.25602301176884695
2025-12-13,0.2276310284295714
2025-12-14,0.2868164171380149
2025-12-15,0.2949406855146862
2025-12-16,0.29237253127683427
2025-12-17,0.2887958536881996
2025-12-18,0.3767743170132997
2025-12-19,0.2993069936555736
2025-12-20,0.1697582244108992
2025-12-21,0.17897389949829845
2025-12-22,0.17460291630471683
2025-12-23,0.11770440039410861
2025-12-24,0.17699348253562786
2025-12-25,0.20539358535171928
2025-12-26,0.2312223759086093
2025-12-27,0.18407043289722272
2025-12-28,0.22523916922475434
2025-12-29,0.19265716473198
2025-12-30,0.17553342478779516
2025-12-31,0.24981475757994817
2026-01-01,0.28085939727671694
2026-01-02,0.2260516526694135
2026-01-03,0.24461725713775095
2026-01-04,0.2157702278056507
2026-01-05,0.19356615656737888
2026-01-06,0.1528631664171384
2026-01-07,0.1464220123074177
2026-01-08,0.15700854001309042
2026-01-09,0.17024446190832973
2026-01-10,0.205862897934343
2026-01-11,0.19841042503905826
2026-01-12,0.17241912060648887
2026-01-13,0.16206848996899087
2026-01-14,0.10329235052681356
2026-01-15,0.14042642662478114
2026-01-16,0.16381764835811746
2026-01-17,0.15244053084807999
2026-01-18,0.1776154506846461
2026-01-19,0.1907582641586786
2026-01-20,0.19061549496299637
2026-01-21,0.12852832042106832
2026-01-22,0.21467251776383772
2026-01-23,0.1798906470984987
2026-01-24,0.17374861053042492
2026-01-25,0.17447688811390194
2026-01-26,0.19725644193437533
2026-01-27,0.2364648013880725
2026-01-28,0.23995717055611324
2026-01-29,0.545493260382119
2026-01-30,0.5609030114246382
2026-01-31,0.35698343622503065
2026-02-01,0.3264466813526111
2026-02-02,0.733653800198705
2026-02-03,0.8064187446997686
2026-02-04,0.8284199331102301
2026-02-05,0.22275485692521005
2026-02-06,0.2959594193392536
2026-02-07,0.3246604425703242
2026-02-08,0.4431545145492125
2026-02-09,0.417979340855988
2026-02-10,0.3315691267264354
2026-02-11,0.3437027429290898
2026-02-12,0.33679046523777795
2026-02-13,0.31687280006163004
2026-02-14,0.3617235576864911
2026-02-15,0.297966387884277
2026-02-16,0.4837512943592144
2026-02-17,0.44420009504272095
2026-02-18,0.45166655676663725
2026-02-19,0.3418596375068123
2026-02-20,0.5716656012741591
2026-02-21,0.315524412000141
2026-02-22,0.30427404544948355
2026-02-23,0.36511391132120125
2026-02-24,0.30682222367551226
2026-02-25,0.38522664940982426
2026-02-26,0.4275727183775888
2026-02-27,0.40791129534580844
2026-02-28,0.40203931119215536
2026-03-01,0.3590992293595186
2026-03-02,0.3236721910132558
2026-03-03,0.30527887118931835
2026-03-04,0.25462247098724133
2026-03-05,0.2996021664816987
2026-03-06,0.3184005128552679
2026-03-07,0.28358369717634185
2026-03-08,0.29892285920811523
2026-03-09,0.2683458467309232
2026-03-10,0.3187959430641684
2026-03-11,0.24293173713262511
2026-03-12,0.2378322612957775
2026-03-13,0.2695455956451007
2026-03-14,0.16633466813857045
2026-03-15,0.16183026099999098
2026-03-16,0.1342908473921182
2026-03-17,0.1452121244427208
2026-03-18,0.20332650279261205
2026-03-19,0.26842373082811066
2026-03-20,0.26000907755520286
2026-03-21,0.20025799568332858
2026-03-22,0.19912645639784382
2026-03-23,0.2946722346609145
2026-03-24,0.25074530328936306
2026-03-25,0.23661896146347092
2026-03-26,0.21494590961232068
2026-03-27,0.1991819274607081
2026-03-28,0.1440222449198292
2026-03-29,0.14078816962813548
2026-03-30,0.1414822604400389
2026-03-31,0.19101390975299382
2026-04-01,0.16114250503889083
2026-04-02,0.1754315138131585
2026-04-03,0.1277370394226878
2026-04-04,0.1320506131064662
2026-04-05,0.13458406533796463
2026-04-06,0.14068230022977388
2026-04-07,0.2131676587858221
2026-04-08,0.1866060453945992
2026-04-09,0.2217478303665922
2026-04-10,0.1866062398499099
2026-04-11,0.17330331259992063
2026-04-12,0.21066286598431566
2026-04-13,0.20742425008051427
2026-04-14,0.1704501172185862
2026-04-15,0.18033992803469343
2026-04-16,0.19907699168827286
2026-04-17,0.17668969816714164
2026-04-18,0.14507558101966933
2026-04-19,0.14098837440458492
2026-04-20,0.1593915078467881
2026-04-21,0.15478202368868646
2026-04-22,0.14419870183456504
2026-04-23,0.11463227297345056
2026-04-24,0.11296472012216234
2026-04-25,0.11173668210402049
2026-04-26,0.11688408378281355
2026-04-27,0.10585551242078645
2026-04-28,0.15561327218831425
2026-04-29,0.13347941840463026
2026-04-30,0.1631487468977496
2026-05-01,0.13886212483998087
2026-05-02,0.12512119082598536
2026-05-03,0.14878744547989994
2026-05-04,0.12405723145334448
2026-05-05,0.11330504235209084
2026-05-06,0.11270428518710039
2026-05-07,0.09699150841057697
2026-05-08,0.0969627833191449
2026-05-09,0.1709097705606138
2026-05-10,0.11061865643287175
2026-05-11,0.13765724437421387
2026-05-12,0.16269846670673613
2026-05-13,0.1386353643449585
2026-05-14,0.1418008293687956
2026-05-15,0.07868337833209771
2026-05-16,0.12079567884891607
2026-05-17,0.08412751422150964
2026-05-18,0.159181529222636
2026-05-19,0.08830683285384607
2026-05-20,0.14920085716423967
2026-05-21,0.09083597373844758
2026-05-22,0.14208580630974119
2026-05-23,0.14768393790835185
2026-05-24,0.13431772737040476
2026-05-25,0.15362334720398185
2026-05-26,0.0953261483877099
2026-05-27,0.1921592241225434
2026-05-28,0.19474329654973946
2026-05-29,0.20924311987743213
2026-05-30,0.2199237684596906
2026-05-31,0.2141034705228091
2026-06-01,0.1771449396064787
2026-06-02,0.34259296930967836
2026-06-03,0.2219827201285738
2026-06-04,0.3084018335350306
2026-06-05,0.24215289208553284
2026-06-06,0.1940013333665979
2026-06-07,0.22289493766301127
2026-06-08,0.22794210999454287
2026-06-09,0.15778211547869192
2026-06-10,0.13990175249891584
2026-06-11,0.16048565661213124
2026-06-12,0.12054804417010342
2026-06-13,0.10582303677741206
2026-06-14,0.20208452751353878
2026-06-15,0.19612682545665472
2026-06-16,0.17308330166818894
2026-06-17,0.17787840197973345
2026-06-18,0.18840620057652144
2026-06-19,0.13651425904139225
2026-06-20,0.14549340346626732
2026-06-21,0.11713189441731092
2026-06-22,0.13077244727877765
2026-06-23,0.170464010727907
2026-06-24,0.1669720846785908
2026-06-25,0.16927789441940394
2026-06-26,0.21844446995891625
2026-06-27,0.1508335170733719
2026-06-28,0.10679741600561232
2026-06-29,0.1281352272766244
